0:00:00;20:59:26;0;8074,7
0:00:20;20:59:46;0;8142,4
0:00:40;21:00:06;0;8144,8
0:01:01;21:00:27;0;8028,8
0:01:21;21:00:47;0;8147,3
0:01:41;21:01:07;0;8137,6
0:02:01;21:01:27;0;8135,2
0:02:21;21:01:47;0;8142,4
0:02:41;21:02:07;0;8137,6
0:03:01;21:02:27;0;8135,2
0:03:21;21:02:47;0;8135,2
0:03:41;21:03:07;0;8132,8
0:04:01;21:03:27;0;8132,8
0:04:21;21:03:47;0;8130,3
0:04:41;21:04:07;0;8135,2
0:05:01;21:04:27;0;8132,8
0:05:21;21:04:47;0;8132,8
0:05:41;21:05:07;0;8127,9
0:06:01;21:05:27;0;8125,5
0:06:21;21:05:47;0;8137,6
0:06:41;21:06:07;0;8132,8
0:07:01;21:06:27;0;8118,2
0:07:21;21:06:47;0;8130,3
0:07:41;21:07:07;0;8123,1
0:08:01;21:07:27;0;8120,7
0:08:21;21:07:47;0;8125,5
0:08:41;21:08:07;0;8123,1
0:09:01;21:08:27;0;8118,2
0:09:21;21:08:47;0;8120,7
0:09:41;21:09:07;0;8115,8
0:10:01;21:09:27;0;8111,0
0:10:21;21:09:47;0;8111,0
0:10:41;21:10:07;0;8108,6
0:11:01;21:10:27;0;8113,4
0:11:21;21:10:47;0;8111,0
0:11:41;21:11:07;0;8111,0
0:12:01;21:11:27;0;8106,2
0:12:21;21:11:47;0;8113,4
0:12:41;21:12:07;0;8108,6
0:13:01;21:12:27;0;8111,0
0:13:21;21:12:47;0;8106,2
0:13:41;21:13:07;0;8103,7
0:14:01;21:13:27;0;8103,7
0:14:21;21:13:47;0;8106,2
0:14:41;21:14:07;0;8101,3
0:15:01;21:14:27;0;8103,7
0:15:21;21:14:47;0;8098,9
0:15:41;21:15:07;0;8098,9
0:16:01;21:15:27;0;8103,7
0:16:21;21:15:47;0;8094,1
0:16:41;21:16:07;0;8091,7
0:17:01;21:16:27;0;8096,5
0:17:21;21:16:47;0;8094,1
0:17:41;21:17:07;0;8094,1
0:18:01;21:17:27;0;8084,4
0:18:21;21:17:47;0;8091,7
0:18:41;21:18:07;0;8096,5
0:19:01;21:18:27;0;8091,7
0:19:21;21:18:47;0;8086,8
0:19:41;21:19:07;0;8094,1
0:20:01;21:19:27;0;8084,4
0:20:21;21:19:47;0;8089,2
0:20:41;21:20:07;0;8089,2
0:21:01;21:20:27;0;8084,4
0:21:21;21:20:47;0;8086,8
0:21:41;21:21:07;0;8082,0
0:22:01;21:21:27;0;8082,0
0:22:21;21:21:47;0;8082,0
0:22:41;21:22:07;0;8082,0
0:23:01;21:22:27;0;8082,0
0:23:21;21:22:47;0;8077,1
0:23:41;21:23:07;0;8074,7
0:24:01;21:23:27;0;8079,6
0:24:21;21:23:47;0;8077,1
0:24:41;21:24:07;0;8074,7
0:25:01;21:24:27;0;8074,7
0:25:21;21:24:47;0;8072,3
0:25:41;21:25:07;0;8074,7
0:26:01;21:25:27;0;8074,7
0:26:21;21:25:47;0;8079,6
0:26:41;21:26:07;0;8074,7
0:27:01;21:26:27;0;8072,3
0:27:21;21:26:47;0;8069,9
0:27:41;21:27:07;0;8067,5
0:28:01;21:27:27;0;8060,2
0:28:21;21:27:47;0;8067,5
0:28:41;21:28:07;0;8062,6
0:29:01;21:28:27;0;8067,5
0:29:21;21:28:47;0;8065,1
0:29:41;21:29:07;0;8069,9
0:30:00;21:29:26;0;8062,6
0:30:20;21:29:46;0;8062,6
0:30:40;21:30:06;0;8062,6
0:31:00;21:30:26;0;8062,6
0:31:20;21:30:46;0;8060,2
0:31:40;21:31:06;0;8040,9
0:32:00;21:31:26;0;8057,8
0:32:20;21:31:46;0;8053,0
0:32:40;21:32:06;0;8055,4
0:33:00;21:32:26;0;8050,6
0:33:20;21:32:46;0;8048,1
0:33:40;21:33:06;0;8048,1
0:34:00;21:33:26;0;8055,4
0:34:20;21:33:46;0;8043,3
0:34:40;21:34:06;0;8053,0
0:35:00;21:34:26;0;8045,7
0:35:20;21:34:46;0;8053,0
0:35:40;21:35:06;0;8043,3
0:36:00;21:35:26;0;8043,3
0:36:20;21:35:46;0;8057,8
0:36:40;21:36:06;0;8038,5
0:37:00;21:36:26;0;8036,0
0:37:20;21:36:46;0;8036,0
0:37:40;21:37:06;0;8038,5
0:38:00;21:37:26;0;8036,0
0:38:20;21:37:46;0;8038,5
0:38:40;21:38:06;0;8040,9
0:39:00;21:38:26;0;8040,9
0:39:20;21:38:46;0;8036,0
0:39:40;21:39:06;0;8040,9
0:40:00;21:39:26;0;8036,0
0:40:20;21:39:46;0;8038,5
0:40:40;21:40:06;0;8026,4
0:41:00;21:40:26;0;8031,2
0:41:20;21:40:46;0;8031,2
0:41:40;21:41:06;0;8031,2
0:42:00;21:41:26;0;8033,6
0:42:20;21:41:46;0;8028,8
0:42:40;21:42:06;0;8026,4
0:43:00;21:42:26;0;8026,4
0:43:20;21:42:46;0;8026,4
0:43:40;21:43:06;0;8026,4
0:44:00;21:43:26;0;8028,8
0:44:20;21:43:46;0;8024,0
0:44:40;21:44:06;0;8024,0
0:45:00;21:44:26;0;8021,5
0:45:20;21:44:46;0;8024,0
0:45:40;21:45:06;0;8026,4
0:46:00;21:45:26;0;8019,1
0:46:20;21:45:46;0;8024,0
0:46:40;21:46:06;0;8021,5
0:47:00;21:46:26;0;8021,5
0:47:20;21:46:46;0;8024,0
0:47:40;21:47:06;0;8024,0
0:48:00;21:47:26;0;8014,3
0:48:20;21:47:46;0;8019,1
0:48:40;21:48:06;0;8019,1
0:49:00;21:48:26;0;8024,0
0:49:20;21:48:46;0;8019,1
0:49:40;21:49:06;0;8024,0
0:50:00;21:49:26;0;8019,1
0:50:20;21:49:46;0;8016,7
0:50:40;21:50:06;0;8014,3
0:51:00;21:50:26;0;8016,7
0:51:20;21:50:46;0;8011,9
0:51:40;21:51:06;0;8009,5
0:52:00;21:51:26;0;8014,3
0:52:20;21:51:46;0;8014,3
0:52:40;21:52:06;0;8011,9
0:53:00;21:52:26;0;8009,5
0:53:20;21:52:46;0;8009,5
0:53:40;21:53:06;0;8014,3
0:54:00;21:53:26;0;8004,6
0:54:20;21:53:46;0;8004,6
0:54:40;21:54:06;0;8007,0
0:55:00;21:54:26;0;8007,0
0:55:20;21:54:46;0;8007,0
0:55:40;21:55:06;0;8007,0
0:56:00;21:55:26;0;8011,9
0:56:20;21:55:46;0;8004,6
0:56:40;21:56:06;0;8004,6
0:57:00;21:56:26;0;8007,0
0:57:20;21:56:46;0;7999,8
0:57:40;21:57:06;0;8002,2
0:58:00;21:57:26;0;7997,4
0:58:21;21:57:47;0;7997,4
0:58:41;21:58:07;0;7994,9
0:59:01;21:58:27;0;7997,4
0:59:21;21:58:47;0;7997,4
0:59:41;21:59:07;0;7994,9
1:00:01;21:59:27;0;7999,8
1:00:21;21:59:47;0;7997,4
1:00:41;22:00:07;0;7997,4
1:01:01;22:00:27;0;7994,9
1:01:21;22:00:47;0;7994,9
1:01:41;22:01:07;0;7992,5
1:02:01;22:01:27;0;7997,4
1:02:21;22:01:47;0;7994,9
1:02:41;22:02:07;0;7990,1
1:03:01;22:02:27;0;7987,7
1:03:21;22:02:47;0;7992,5
1:03:41;22:03:07;0;7987,7
1:04:01;22:03:27;0;7992,5
1:04:21;22:03:47;0;7987,7
1:04:41;22:04:07;0;7985,3
1:05:01;22:04:27;0;7987,7
1:05:21;22:04:47;0;7990,1
1:05:41;22:05:07;0;7990,1
1:06:01;22:05:27;0;7990,1
1:06:21;22:05:47;0;7987,7
1:06:41;22:06:07;0;7987,7
1:07:01;22:06:27;0;7990,1
1:07:21;22:06:47;0;7987,7
1:07:41;22:07:07;0;7982,9
1:08:01;22:07:27;0;7985,3
1:08:21;22:07:47;0;7987,7
1:08:41;22:08:07;0;7982,9
1:09:01;22:08:27;0;7985,3
1:09:21;22:08:47;0;7985,3
1:09:41;22:09:07;0;7985,3
1:10:01;22:09:27;0;7980,4
1:10:21;22:09:47;0;7978,0
1:10:41;22:10:07;0;7980,4
1:11:01;22:10:27;0;7980,4
1:11:21;22:10:47;0;7975,6
1:11:41;22:11:07;0;7987,7
1:12:01;22:11:27;0;7973,2
1:12:21;22:11:47;0;7975,6
1:12:41;22:12:07;0;7982,9
1:13:01;22:12:27;0;7975,6
1:13:21;22:12:47;0;7980,4
1:13:41;22:13:07;0;7978,0
1:14:01;22:13:27;0;7970,8
1:14:21;22:13:47;0;7968,4
1:14:41;22:14:07;0;7975,6
1:15:02;22:14:28;0;7968,4
1:15:22;22:14:48;0;7973,2
1:15:42;22:15:08;0;7970,8
1:16:02;22:15:28;0;7975,6
1:16:22;22:15:48;0;7973,2
1:16:42;22:16:08;0;7973,2
1:17:02;22:16:28;0;7970,8
1:17:22;22:16:48;0;7970,8
1:17:42;22:17:08;0;7975,6
1:18:02;22:17:28;0;7973,2
1:18:22;22:17:48;0;7975,6
1:18:42;22:18:08;0;7963,5
1:19:02;22:18:28;0;7973,2
1:19:22;22:18:48;0;7963,5
1:19:42;22:19:08;0;7973,2
1:20:02;22:19:28;0;7965,9
1:20:22;22:19:48;0;7961,1
1:20:42;22:20:08;0;7965,9
1:21:02;22:20:28;0;7968,4
1:21:22;22:20:48;0;7965,9
1:21:42;22:21:08;0;7958,7
1:22:02;22:21:28;0;7961,1
1:22:22;22:21:48;0;7965,9
1:22:42;22:22:08;0;7963,5
1:23:02;22:22:28;0;7953,9
1:23:22;22:22:48;0;7958,7
1:23:42;22:23:08;0;7963,5
1:24:02;22:23:28;0;7958,7
1:24:22;22:23:48;0;7965,9
1:24:42;22:24:08;0;7963,5
1:25:02;22:24:28;0;7961,1
1:25:22;22:24:48;0;7958,7
1:25:42;22:25:08;0;7963,5
1:26:02;22:25:28;0;7956,3
1:26:22;22:25:48;0;7956,3
1:26:42;22:26:08;0;7958,7
1:27:02;22:26:28;0;7953,9
1:27:22;22:26:48;0;7956,3
1:27:42;22:27:08;0;7953,9
1:28:02;22:27:28;0;7958,7
1:28:22;22:27:48;0;7958,7
1:28:42;22:28:08;0;7953,9
1:29:02;22:28:28;0;7956,3
1:29:22;22:28:48;0;7953,9
1:29:42;22:29:08;0;7953,9
1:30:02;22:29:28;0;7825,7
1:30:22;22:29:48;0;7956,3
1:30:42;22:30:08;0;7953,9
1:31:02;22:30:28;0;7953,9
1:31:22;22:30:48;0;7951,4
1:31:42;22:31:08;0;7951,4
1:32:02;22:31:28;0;7953,9
1:32:22;22:31:48;0;7949,0
1:32:42;22:32:08;0;7953,9
1:33:02;22:32:28;0;7951,4
1:33:22;22:32:48;0;7956,3
1:33:42;22:33:08;0;7949,0
1:34:02;22:33:28;0;7949,0
1:34:22;22:33:48;0;7946,6
1:34:42;22:34:08;0;7949,0
1:35:02;22:34:28;0;7946,6
1:35:22;22:34:48;0;7946,6
1:35:42;22:35:08;0;7949,0
1:36:02;22:35:28;0;7949,0
1:36:22;22:35:48;0;7949,0
1:36:42;22:36:08;0;7949,0
1:37:02;22:36:28;0;7944,2
1:37:22;22:36:48;0;7951,4
1:37:43;22:37:09;0;7949,0
1:38:03;22:37:29;0;7944,2
1:38:23;22:37:49;0;7951,4
1:38:43;22:38:09;0;7944,2
1:39:03;22:38:29;0;7949,0
1:39:23;22:38:49;0;7946,6
1:39:43;22:39:09;0;7946,6
1:40:03;22:39:29;0;7951,4
1:40:23;22:39:49;0;7946,6
1:40:43;22:40:09;0;7944,2
1:41:03;22:40:29;0;7944,2
1:41:23;22:40:49;0;7949,0
1:41:43;22:41:09;0;7941,8
1:42:03;22:41:29;0;7944,2
1:42:23;22:41:49;0;7946,6
1:42:43;22:42:09;0;7944,2
1:43:03;22:42:29;0;7944,2
1:43:23;22:42:49;0;7944,2
1:43:43;22:43:09;0;7941,8
1:44:03;22:43:29;0;7939,3
1:44:23;22:43:49;0;7944,2
1:44:43;22:44:09;0;7939,3
1:45:03;22:44:29;0;7941,8
1:45:23;22:44:49;0;7941,8
1:45:43;22:45:09;0;7941,8
1:46:03;22:45:29;0;7939,3
1:46:23;22:45:49;0;7944,2
1:46:43;22:46:09;0;7941,8
1:47:03;22:46:29;0;7939,3
1:47:23;22:46:49;0;7939,3
1:47:43;22:47:09;0;7944,2
1:48:03;22:47:29;0;7932,1
1:48:23;22:47:49;0;7939,3
1:48:43;22:48:09;0;7936,9
1:49:03;22:48:29;0;7934,5
1:49:23;22:48:49;0;7939,3
1:49:43;22:49:09;0;7934,5
1:50:03;22:49:29;0;7936,9
1:50:23;22:49:49;0;7932,1
1:50:43;22:50:09;0;7939,3
1:51:03;22:50:29;0;7934,5
1:51:23;22:50:49;0;7934,5
1:51:43;22:51:09;0;7936,9
1:52:03;22:51:29;0;7932,1
1:52:23;22:51:49;0;7929,7
1:52:43;22:52:09;0;7936,9
1:53:03;22:52:29;0;7929,7
1:53:23;22:52:49;0;7924,8
1:53:43;22:53:09;0;7929,7
1:54:03;22:53:29;0;7932,1
1:54:23;22:53:49;0;7934,5
1:54:43;22:54:09;0;7932,1
1:55:03;22:54:29;0;7932,1
1:55:23;22:54:49;0;7934,5
1:55:43;22:55:09;0;7932,1
1:56:03;22:55:29;0;7927,3
1:56:23;22:55:49;0;7936,9
1:56:43;22:56:09;0;7929,7
1:57:03;22:56:29;0;7929,7
1:57:23;22:56:49;0;7929,7
1:57:43;22:57:09;0;7927,3
1:58:03;22:57:29;0;7922,4
1:58:23;22:57:49;0;7922,4
1:58:43;22:58:09;0;7922,4
1:59:03;22:58:29;0;7924,8
1:59:23;22:58:49;0;7927,3
1:59:43;22:59:09;0;7932,1
2:00:04;22:59:30;0;7927,3
2:00:24;22:59:50;0;7920,0
2:00:44;23:00:10;0;7927,3
2:01:04;23:00:30;0;7927,3
2:01:24;23:00:50;0;7922,4
2:01:44;23:01:10;0;7927,3
2:02:04;23:01:30;0;7922,4
2:02:24;23:01:50;0;7927,3
2:02:44;23:02:10;0;7922,4
2:03:04;23:02:30;0;7924,8
2:03:24;23:02:50;0;7920,0
2:03:44;23:03:10;0;7924,8
2:04:04;23:03:30;0;7922,4
2:04:24;23:03:50;0;7927,3
2:04:44;23:04:10;0;7924,8
2:05:04;23:04:30;0;7917,6
2:05:24;23:04:50;0;7927,3
2:05:44;23:05:10;0;7920,0
2:06:04;23:05:30;0;7929,7
2:06:24;23:05:50;0;7922,4
2:06:44;23:06:10;0;7922,4
2:07:04;23:06:30;0;7920,0
2:07:24;23:06:50;0;7917,6
2:07:44;23:07:10;0;7917,6
2:08:04;23:07:30;0;7917,6
2:08:24;23:07:50;0;7922,4
2:08:44;23:08:10;0;7920,0
2:09:04;23:08:30;0;7920,0
2:09:24;23:08:50;0;7920,0
2:09:44;23:09:10;0;7917,6
2:10:04;23:09:30;0;7920,0
2:10:24;23:09:50;0;7922,4
2:10:44;23:10:10;0;7917,6
2:11:04;23:10:30;0;7917,6
2:11:24;23:10:50;0;7915,2
2:11:44;23:11:10;0;7915,2
2:12:04;23:11:30;0;7915,2
2:12:24;23:11:50;0;7917,6
2:12:44;23:12:10;0;7917,6
2:13:04;23:12:30;0;7912,8
2:13:24;23:12:50;0;7910,3
2:13:44;23:13:10;0;7922,4
2:14:04;23:13:30;0;7915,2
2:14:24;23:13:50;0;7917,6
2:14:44;23:14:10;0;7917,6
2:15:04;23:14:30;0;7915,2
2:15:24;23:14:50;0;7912,8
2:15:44;23:15:10;0;7915,2
2:16:04;23:15:30;0;7910,3
2:16:24;23:15:50;0;7915,2
2:16:44;23:16:10;0;7910,3
2:17:04;23:16:30;0;7912,8
2:17:24;23:16:50;0;7912,8
2:17:44;23:17:10;0;7912,8
2:18:04;23:17:30;0;7915,2
2:18:24;23:17:50;0;7917,6
2:18:44;23:18:10;0;7915,2
2:19:04;23:18:30;0;7910,3
2:19:24;23:18:50;0;7912,8
2:19:44;23:19:10;0;7912,8
2:20:04;23:19:30;0;7910,3
2:20:24;23:19:50;0;7912,8
2:20:44;23:20:10;0;7910,3
2:21:04;23:20:30;0;7910,3
2:21:24;23:20:50;0;7912,8
2:21:44;23:21:10;0;7912,8
2:22:04;23:21:30;0;7907,9
2:22:24;23:21:50;0;7912,8
2:22:44;23:22:10;0;7910,3
2:23:04;23:22:30;0;7905,5
2:23:24;23:22:50;0;7907,9
2:23:44;23:23:10;0;7910,3
2:24:04;23:23:30;0;7910,3
2:24:24;23:23:50;0;7907,9
2:24:44;23:24:10;0;7912,8
2:25:04;23:24:30;0;7912,8
2:25:24;23:24:50;0;7905,5
2:25:44;23:25:10;0;7907,9
2:26:04;23:25:30;0;7905,5
2:26:24;23:25:50;0;7910,3
2:26:44;23:26:10;0;7912,8
2:27:04;23:26:30;0;7903,1
2:27:24;23:26:50;0;7905,5
2:27:44;23:27:10;0;7903,1
2:28:04;23:27:30;0;7905,5
2:28:24;23:27:50;0;7907,9
2:28:44;23:28:10;0;7898,2
2:29:04;23:28:30;0;7900,7
2:29:24;23:28:50;0;7905,5
2:29:44;23:29:10;0;7895,8
2:30:06;23:29:32;0;7886,2
2:30:26;23:29:52;0;7903,1
2:30:46;23:30:12;0;7905,5
2:31:06;23:30:32;0;7903,1
2:31:26;23:30:52;0;7907,9
2:31:46;23:31:12;0;7900,7
2:32:06;23:31:32;0;7903,1
2:32:26;23:31:52;0;7900,7
2:32:46;23:32:12;0;7891,0
2:33:06;23:32:32;0;7888,6
2:33:26;23:32:52;0;7888,6
2:33:46;23:33:12;0;7893,4
2:34:06;23:33:32;0;7895,8
2:34:26;23:33:52;0;7905,5
2:34:46;23:34:12;0;7903,1
2:35:06;23:34:32;0;7903,1
2:35:26;23:34:52;0;7900,7
2:35:46;23:35:12;0;7905,5
2:36:06;23:35:32;0;7893,4
2:36:26;23:35:52;0;7898,2
2:36:46;23:36:12;0;7895,8
2:37:06;23:36:32;0;7893,4
2:37:26;23:36:52;0;7895,8
2:37:46;23:37:12;0;7900,7
2:38:06;23:37:32;0;7891,0
2:38:26;23:37:52;0;7888,6
2:38:46;23:38:12;0;7895,8
2:39:06;23:38:32;0;7891,0
2:39:26;23:38:52;0;7888,6
2:39:46;23:39:12;0;7888,6
2:40:06;23:39:32;0;7895,8
2:40:26;23:39:52;0;7891,0
2:40:46;23:40:12;0;7891,0
2:41:06;23:40:32;0;7891,0
2:41:26;23:40:52;0;7891,0
2:41:46;23:41:12;0;7893,4
2:42:06;23:41:32;0;7895,8
2:42:26;23:41:52;0;7893,4
2:44:34;23:44:00;0;7858,0
2:48:21;23:47:47;0;7823,3
2:48:41;23:48:07;0;7881,3
2:49:01;23:48:27;0;7881,3
2:49:21;23:48:47;0;7886,2
2:49:42;23:49:08;0;7878,9
2:50:02;23:49:28;0;7878,9
2:50:22;23:49:48;0;7883,7
2:50:42;23:50:08;0;7883,7
2:51:02;23:50:28;0;7881,3
2:51:22;23:50:48;0;7881,3
2:51:42;23:51:08;0;7876,5
2:52:02;23:51:28;0;7878,9
2:52:22;23:51:48;0;7878,9
2:52:42;23:52:08;0;7883,7
2:53:02;23:52:28;0;7883,7
2:53:22;23:52:48;0;7881,3
2:53:42;23:53:08;0;7881,3
2:54:02;23:53:28;0;7886,2
2:54:22;23:53:48;0;7881,3
2:54:42;23:54:08;0;7883,7
2:55:02;23:54:28;0;7883,7
2:55:22;23:54:48;0;7878,9
2:55:42;23:55:08;0;7878,9
2:56:02;23:55:28;0;7878,9
2:56:22;23:55:48;0;7878,9
2:56:42;23:56:08;0;7878,9
2:57:02;23:56:28;0;7878,9
2:57:22;23:56:48;0;7876,5
2:57:42;23:57:08;0;7878,9
2:58:02;23:57:28;0;7881,3
2:58:22;23:57:48;0;7878,9
2:58:42;23:58:08;0;7881,3
2:59:02;23:58:28;0;7878,9
2:59:22;23:58:48;0;7881,3
2:59:42;23:59:08;0;7876,5
3:00:02;23:59:28;0;7878,9
3:00:22;23:59:48;0;7874,1
3:00:42;00:00:08;1;7878,9
3:01:02;00:00:28;1;7878,9
3:01:22;00:00:48;1;7876,5
3:01:42;00:01:08;1;7874,1
3:02:02;00:01:28;1;7874,1
3:02:22;00:01:48;1;7874,1
3:02:42;00:02:08;1;7874,1
3:03:02;00:02:28;1;7876,5
3:03:22;00:02:48;1;7874,1
3:03:42;00:03:08;1;7874,1
3:04:02;00:03:28;1;7874,1
3:04:22;00:03:48;1;7878,9
3:04:42;00:04:08;1;7876,5
3:05:02;00:04:28;1;7871,7
3:05:22;00:04:48;1;7874,1
3:05:42;00:05:08;1;7874,1
3:06:02;00:05:28;1;7874,1
3:06:22;00:05:48;1;7874,1
3:06:42;00:06:08;1;7871,7
3:07:02;00:06:28;1;7874,1
3:07:22;00:06:48;1;7876,5
3:07:42;00:07:08;1;7874,1
3:08:02;00:07:28;1;7871,7
3:08:22;00:07:48;1;7876,5
3:08:42;00:08:08;1;7871,7
3:09:02;00:08:28;1;7871,7
3:09:22;00:08:48;1;7874,1
3:09:42;00:09:08;1;7871,7
3:10:02;00:09:28;1;7874,1
3:10:22;00:09:48;1;7871,7
3:10:42;00:10:08;1;7869,2
3:11:02;00:10:28;1;7871,7
3:11:22;00:10:48;1;7871,7
3:11:42;00:11:08;1;7871,7
3:12:02;00:11:28;1;7866,8
3:12:22;00:11:48;1;7866,8
3:12:42;00:12:08;1;7866,8
3:13:02;00:12:28;1;7871,7
3:13:22;00:12:48;1;7869,2
3:13:42;00:13:08;1;7864,4
3:14:02;00:13:28;1;7866,8
3:14:22;00:13:48;1;7869,2
3:14:42;00:14:08;1;7871,7
3:15:02;00:14:28;1;7869,2
3:15:22;00:14:48;1;7869,2
3:15:42;00:15:08;1;7866,8
3:16:02;00:15:28;1;7862,0
3:16:22;00:15:48;1;7869,2
3:16:42;00:16:08;1;7869,2
3:17:02;00:16:28;1;7864,4
3:17:22;00:16:48;1;7864,4
3:17:42;00:17:08;1;7866,8
3:18:02;00:17:28;1;7869,2
3:18:22;00:17:48;1;7869,2
3:18:42;00:18:08;1;7869,2
3:19:02;00:18:28;1;7862,0
3:19:22;00:18:48;1;7869,2
3:19:42;00:19:08;1;7866,8
3:20:02;00:19:28;1;7864,4
3:20:22;00:19:48;1;7862,0
3:20:42;00:20:08;1;7866,8
3:21:02;00:20:28;1;7864,4
3:21:22;00:20:48;1;7866,8
3:21:42;00:21:08;1;7862,0
3:22:02;00:21:28;1;7857,1
3:22:22;00:21:48;1;7859,6
3:22:42;00:22:08;1;7859,6
3:23:02;00:22:28;1;7854,7
3:23:22;00:22:48;1;7864,4
3:23:42;00:23:08;1;7862,0
3:24:02;00:23:28;1;7866,8
3:24:22;00:23:48;1;7862,0
3:24:42;00:24:08;1;7859,6
3:25:02;00:24:28;1;7866,8
3:25:22;00:24:48;1;7862,0
3:25:42;00:25:08;1;7854,7
3:26:02;00:25:28;1;7859,6
3:26:22;00:25:48;1;7852,3
3:26:42;00:26:08;1;7859,6
3:27:02;00:26:28;1;7859,6
3:27:22;00:26:48;1;7859,6
3:27:42;00:27:08;1;7849,9
3:28:02;00:27:28;1;7854,7
3:28:22;00:27:48;1;7854,7
3:28:42;00:28:08;1;7854,7
3:29:02;00:28:28;1;7849,9
3:29:22;00:28:48;1;7849,9
3:29:42;00:29:08;1;7854,7
3:30:02;00:29:28;1;7859,6
3:30:22;00:29:48;1;7849,9
3:30:42;00:30:08;1;7849,9
3:31:02;00:30:28;1;7849,9
3:31:22;00:30:48;1;7847,5
3:31:42;00:31:08;1;7854,7
3:32:02;00:31:28;1;7849,9
3:32:22;00:31:48;1;7847,5
3:32:42;00:32:08;1;7849,9
3:33:02;00:32:28;1;7849,9
3:33:22;00:32:48;1;7849,9
3:33:42;00:33:08;1;7849,9
3:34:02;00:33:28;1;7852,3
3:34:22;00:33:48;1;7847,5
3:34:42;00:34:08;1;7852,3
3:35:02;00:34:28;1;7847,5
3:35:22;00:34:48;1;7854,7
3:35:42;00:35:08;1;7852,3
3:36:02;00:35:28;1;7847,5
3:36:22;00:35:48;1;7842,6
3:36:42;00:36:08;1;7845,1
3:37:02;00:36:28;1;7842,6
3:37:22;00:36:48;1;7842,6
3:37:42;00:37:08;1;7847,5
3:38:02;00:37:28;1;7847,5
3:38:22;00:37:48;1;7847,5
3:38:42;00:38:08;1;7847,5
3:39:02;00:38:28;1;7847,5
3:39:22;00:38:48;1;7845,1
3:39:42;00:39:08;1;7847,5
3:40:02;00:39:28;1;7842,6
3:40:22;00:39:48;1;7842,6
3:40:42;00:40:08;1;7840,2
3:41:02;00:40:28;1;7842,6
3:41:22;00:40:48;1;7849,9
3:41:42;00:41:08;1;7840,2
3:42:02;00:41:28;1;7840,2
3:42:22;00:41:48;1;7840,2
3:42:42;00:42:08;1;7845,1
3:43:02;00:42:28;1;7837,8
3:43:22;00:42:48;1;7840,2
3:43:42;00:43:08;1;7840,2
3:44:02;00:43:28;1;7842,6
3:44:22;00:43:48;1;7842,6
3:44:42;00:44:08;1;7847,5
3:45:02;00:44:28;1;7842,6
3:45:22;00:44:48;1;7842,6
3:45:42;00:45:08;1;7837,8
3:46:02;00:45:28;1;7840,2
3:46:22;00:45:48;1;7845,1
3:46:42;00:46:08;1;7842,6
3:47:02;00:46:28;1;7845,1
3:47:23;00:46:49;1;7840,2
3:47:43;00:47:09;1;7840,2
3:48:03;00:47:29;1;7835,4
3:48:22;00:47:48;1;7842,6
3:48:42;00:48:08;1;7837,8
3:49:02;00:48:28;1;7837,8
3:49:22;00:48:48;1;7837,8
3:49:42;00:49:08;1;7835,4
3:50:02;00:49:28;1;7837,8
3:50:22;00:49:48;1;7835,4
3:50:42;00:50:08;1;7837,8
3:51:02;00:50:28;1;7837,8
3:51:22;00:50:48;1;7837,8
3:51:42;00:51:08;1;7837,8
3:52:02;00:51:28;1;7835,4
3:52:22;00:51:48;1;7837,8
3:52:42;00:52:08;1;7833,0
3:53:02;00:52:28;1;7840,2
3:53:22;00:52:48;1;7830,6
3:53:42;00:53:08;1;7835,4
3:54:02;00:53:28;1;7837,8
3:54:22;00:53:48;1;7835,4
3:54:42;00:54:08;1;7837,8
3:55:02;00:54:28;1;7833,0
3:55:22;00:54:48;1;7837,8
3:55:42;00:55:08;1;7833,0
3:56:02;00:55:28;1;7835,4
3:56:22;00:55:48;1;7833,0
3:56:42;00:56:08;1;7833,0
3:57:02;00:56:28;1;7830,6
3:57:22;00:56:48;1;7833,0
3:57:42;00:57:08;1;7833,0
3:58:02;00:57:28;1;7833,0
3:58:22;00:57:48;1;7830,6
3:58:42;00:58:08;1;7837,8
3:59:02;00:58:28;1;7833,0
3:59:22;00:58:48;1;7833,0
3:59:42;00:59:08;1;7833,0
4:00:02;00:59:28;1;7830,6
4:00:22;00:59:48;1;7830,6
4:00:43;01:00:09;1;7828,1
4:01:03;01:00:29;1;7830,6
4:01:23;01:00:49;1;7830,6
4:01:43;01:01:09;1;7833,0
4:02:03;01:01:29;1;7828,1
4:02:23;01:01:49;1;7828,1
4:02:43;01:02:09;1;7830,6
4:03:03;01:02:29;1;7828,1
4:03:21;01:02:47;1;7820,9
4:03:41;01:03:07;1;7828,1
4:04:01;01:03:27;1;7825,7
4:04:21;01:03:47;1;7825,7
4:04:41;01:04:07;1;7825,7
4:05:01;01:04:27;1;7825,7
4:05:21;01:04:47;1;7823,3
4:05:41;01:05:07;1;7828,1
4:06:01;01:05:27;1;7830,6
4:06:21;01:05:47;1;7823,3
4:06:41;01:06:07;1;7823,3
4:07:02;01:06:28;1;7825,7
4:07:22;01:06:48;1;7825,7
4:07:42;01:07:08;1;7828,1
4:08:02;01:07:28;1;7825,7
4:08:22;01:07:48;1;7830,6
4:08:42;01:08:08;1;7825,7
4:09:02;01:08:28;1;7823,3
4:09:22;01:08:48;1;7825,7
4:09:42;01:09:08;1;7820,9
4:10:02;01:09:28;1;7828,1
4:10:22;01:09:48;1;7828,1
4:10:42;01:10:08;1;7828,1
4:11:02;01:10:28;1;7825,7
4:11:22;01:10:48;1;7820,9
4:11:42;01:11:08;1;7823,3
4:12:02;01:11:28;1;7825,7
4:12:22;01:11:48;1;7828,1
4:12:42;01:12:08;1;7820,9
4:13:02;01:12:28;1;7825,7
4:13:22;01:12:48;1;7823,3
4:13:42;01:13:08;1;7825,7
4:14:02;01:13:28;1;7820,9
4:14:22;01:13:48;1;7828,1
4:14:42;01:14:08;1;7825,7
4:15:02;01:14:28;1;7820,9
4:15:22;01:14:48;1;7825,7
4:15:42;01:15:08;1;7818,5
4:16:02;01:15:28;1;7818,5
4:16:22;01:15:48;1;7818,5
4:16:42;01:16:08;1;7816,0
4:17:02;01:16:28;1;7813,6
4:17:22;01:16:48;1;7820,9
4:17:42;01:17:08;1;7820,9
4:18:02;01:17:28;1;7820,9
4:18:23;01:17:49;1;7818,5
4:18:43;01:18:09;1;7816,0
4:19:03;01:18:29;1;7818,5
4:19:23;01:18:49;1;7816,0
4:19:43;01:19:09;1;7825,7
4:20:03;01:19:29;1;7818,5
4:20:23;01:19:49;1;7820,9
4:20:43;01:20:09;1;7818,5
4:21:03;01:20:29;1;7816,0
4:21:23;01:20:49;1;7825,7
4:21:43;01:21:09;1;7818,5
4:22:03;01:21:29;1;7816,0
4:22:23;01:21:49;1;7813,6
4:22:43;01:22:09;1;7811,2
4:23:03;01:22:29;1;7813,6
4:23:23;01:22:49;1;7813,6
4:23:43;01:23:09;1;7813,6
4:24:03;01:23:29;1;7816,0
4:24:23;01:23:49;1;7813,6
4:24:43;01:24:09;1;7816,0
4:25:03;01:24:29;1;7816,0
4:25:23;01:24:49;1;7816,0
4:25:43;01:25:09;1;7808,8
4:26:03;01:25:29;1;7811,2
4:26:23;01:25:49;1;7811,2
4:26:43;01:26:09;1;7818,5
4:27:03;01:26:29;1;7811,2
4:27:23;01:26:49;1;7806,4
4:27:43;01:27:09;1;7808,8
4:28:03;01:27:29;1;7813,6
4:28:23;01:27:49;1;7808,8
4:28:43;01:28:09;1;7804,0
4:29:03;01:28:29;1;7816,0
4:29:23;01:28:49;1;7813,6
4:29:43;01:29:09;1;7808,8
4:30:03;01:29:29;1;7816,0
4:30:23;01:29:49;1;7808,8
4:30:43;01:30:09;1;7801,5
4:31:03;01:30:29;1;7808,8
4:31:23;01:30:49;1;7808,8
4:31:43;01:31:09;1;7808,8
4:32:03;01:31:29;1;7811,2
4:32:23;01:31:49;1;7806,4
4:32:43;01:32:09;1;7806,4
4:33:03;01:32:29;1;7806,4
4:33:23;01:32:49;1;7804,0
4:33:43;01:33:09;1;7808,8
4:34:03;01:33:29;1;7808,8
4:34:23;01:33:49;1;7806,4
4:34:43;01:34:09;1;7811,2
4:35:03;01:34:29;1;7804,0
4:35:23;01:34:49;1;7808,8
4:35:43;01:35:09;1;7808,8
4:36:03;01:35:29;1;7806,4
4:36:23;01:35:49;1;7806,4
4:36:43;01:36:09;1;7804,0
4:37:03;01:36:29;1;7801,5
4:37:23;01:36:49;1;7808,8
4:37:43;01:37:09;1;7806,4
4:38:03;01:37:29;1;7804,0
4:38:23;01:37:49;1;7806,4
4:38:43;01:38:09;1;7808,8
4:39:03;01:38:29;1;7808,8
4:39:23;01:38:49;1;7806,4
4:39:43;01:39:09;1;7804,0
4:40:03;01:39:29;1;7806,4
4:40:23;01:39:49;1;7811,2
4:40:43;01:40:09;1;7804,0
4:41:03;01:40:29;1;7808,8
4:41:23;01:40:49;1;7804,0
4:41:43;01:41:09;1;7804,0
4:42:03;01:41:29;1;7806,4
4:42:23;01:41:49;1;7801,5
4:42:43;01:42:09;1;7806,4
4:43:03;01:42:29;1;7804,0
4:43:23;01:42:49;1;7801,5
4:43:43;01:43:09;1;7806,4
4:44:03;01:43:29;1;7801,5
4:44:23;01:43:49;1;7801,5
4:44:43;01:44:09;1;7804,0
4:45:03;01:44:29;1;7806,4
4:45:23;01:44:49;1;7801,5
4:45:43;01:45:09;1;7801,5
4:46:03;01:45:29;1;7801,5
4:46:23;01:45:49;1;7804,0
4:46:43;01:46:09;1;7804,0
4:47:03;01:46:29;1;7804,0
4:47:23;01:46:49;1;7801,5
4:47:43;01:47:09;1;7801,5
4:48:03;01:47:29;1;7799,1
4:48:23;01:47:49;1;7796,7
4:48:43;01:48:09;1;7796,7
4:49:03;01:48:29;1;7796,7
4:49:23;01:48:49;1;7799,1
4:49:43;01:49:09;1;7801,5
4:50:03;01:49:29;1;7796,7
4:50:23;01:49:49;1;7801,5
4:50:43;01:50:09;1;7799,1
4:51:03;01:50:29;1;7801,5
4:51:23;01:50:49;1;7801,5
4:51:43;01:51:09;1;7796,7
4:52:03;01:51:29;1;7799,1
4:52:23;01:51:49;1;7799,1
4:52:43;01:52:09;1;7799,1
4:53:03;01:52:29;1;7796,7
4:53:23;01:52:49;1;7799,1
4:53:43;01:53:09;1;7801,5
4:54:03;01:53:29;1;7799,1
4:54:23;01:53:49;1;7799,1
4:54:43;01:54:09;1;7796,7
4:55:03;01:54:29;1;7799,1
4:55:23;01:54:49;1;7796,7
4:55:43;01:55:09;1;7801,5
4:56:03;01:55:29;1;7799,1
4:56:23;01:55:49;1;7796,7
4:56:43;01:56:09;1;7796,7
4:57:03;01:56:29;1;7799,1
4:57:23;01:56:49;1;7794,3
4:57:43;01:57:09;1;7796,7
4:58:03;01:57:29;1;7799,1
4:58:23;01:57:49;1;7799,1
4:58:43;01:58:09;1;7799,1
4:59:03;01:58:29;1;7794,3
4:59:23;01:58:49;1;7799,1
4:59:43;01:59:09;1;7799,1
5:00:03;01:59:29;1;7796,7
5:00:23;01:59:49;1;7789,5
5:00:44;02:00:10;1;7794,3
5:01:04;02:00:30;1;7796,7
5:01:24;02:00:50;1;7796,7
5:01:44;02:01:10;1;7799,1
5:02:04;02:01:30;1;7796,7
5:02:24;02:01:50;1;7796,7
5:02:44;02:02:10;1;7796,7
5:03:04;02:02:30;1;7794,3
5:03:23;02:02:49;1;7796,7
5:03:43;02:03:09;1;7794,3
5:04:03;02:03:29;1;7796,7
5:04:23;02:03:49;1;7796,7
5:04:43;02:04:09;1;7796,7
5:05:03;02:04:29;1;7796,7
5:05:23;02:04:49;1;7794,3
5:05:43;02:05:09;1;7799,1
5:06:03;02:05:29;1;7794,3
5:06:23;02:05:49;1;7796,7
5:06:43;02:06:09;1;7791,9
5:07:04;02:06:30;1;7794,3
5:07:24;02:06:50;1;7794,3
5:07:44;02:07:10;1;7789,5
5:08:04;02:07:30;1;7799,1
5:08:24;02:07:50;1;7794,3
5:08:44;02:08:10;1;7794,3
5:09:04;02:08:30;1;7794,3
5:09:24;02:08:50;1;7791,9
5:09:44;02:09:10;1;7796,7
5:10:04;02:09:30;1;7794,3
5:10:24;02:09:50;1;7791,9
5:10:44;02:10:10;1;7791,9
5:11:04;02:10:30;1;7794,3
5:11:24;02:10:50;1;7791,9
5:11:44;02:11:10;1;7791,9
5:12:04;02:11:30;1;7791,9
5:12:24;02:11:50;1;7794,3
5:12:44;02:12:10;1;7794,3
5:13:04;02:12:30;1;7791,9
5:13:24;02:12:50;1;7794,3
5:13:44;02:13:10;1;7791,9
5:14:04;02:13:30;1;7791,9
5:14:24;02:13:50;1;7794,3
5:14:44;02:14:10;1;7791,9
5:15:04;02:14:30;1;7799,1
5:15:24;02:14:50;1;7791,9
5:15:44;02:15:10;1;7791,9
5:16:04;02:15:30;1;7794,3
5:16:24;02:15:50;1;7789,5
5:16:44;02:16:10;1;7789,5
5:17:04;02:16:30;1;7794,3
5:17:24;02:16:50;1;7794,3
5:17:44;02:17:10;1;7796,7
5:18:04;02:17:30;1;7791,9
5:18:24;02:17:50;1;7794,3
5:18:44;02:18:10;1;7782,2
5:19:04;02:18:30;1;7794,3
5:19:24;02:18:50;1;7791,9
5:19:44;02:19:10;1;7789,5
5:20:04;02:19:30;1;7791,9
5:20:24;02:19:50;1;7791,9
5:20:44;02:20:10;1;7789,5
5:21:04;02:20:30;1;7789,5
5:21:24;02:20:50;1;7789,5
5:21:44;02:21:10;1;7789,5
5:22:04;02:21:30;1;7791,9
5:22:24;02:21:50;1;7791,9
5:22:44;02:22:10;1;7789,5
5:23:04;02:22:30;1;7789,5
5:23:24;02:22:50;1;7787,0
5:23:44;02:23:10;1;7789,5
5:24:04;02:23:30;1;7787,0
5:24:24;02:23:50;1;7787,0
5:24:44;02:24:10;1;7784,6
5:25:04;02:24:30;1;7789,5
5:25:24;02:24:50;1;7787,0
5:25:44;02:25:10;1;7787,0
5:26:04;02:25:30;1;7784,6
5:26:24;02:25:50;1;7787,0
5:26:44;02:26:10;1;7782,2
5:27:04;02:26:30;1;7782,2
5:27:24;02:26:50;1;7789,5
5:27:44;02:27:10;1;7784,6
5:28:04;02:27:30;1;7784,6
5:28:24;02:27:50;1;7784,6
5:28:44;02:28:10;1;7782,2
5:29:04;02:28:30;1;7784,6
5:29:24;02:28:50;1;7784,6
5:29:44;02:29:10;1;7787,0
5:30:04;02:29:30;1;7787,0
5:30:24;02:29:50;1;7782,2
5:30:44;02:30:10;1;7787,0
5:31:04;02:30:30;1;7787,0
5:31:24;02:30:50;1;7782,2
5:31:44;02:31:10;1;7784,6
5:32:04;02:31:30;1;7787,0
5:32:24;02:31:50;1;7784,6
5:32:44;02:32:10;1;7782,2
5:33:04;02:32:30;1;7784,6
5:33:24;02:32:50;1;7784,6
5:33:44;02:33:10;1;7779,8
5:34:04;02:33:30;1;7779,8
5:34:24;02:33:50;1;7782,2
5:34:44;02:34:10;1;7784,6
5:35:04;02:34:30;1;7784,6
5:35:24;02:34:50;1;7779,8
5:35:44;02:35:10;1;7784,6
5:36:04;02:35:30;1;7782,2
5:36:24;02:35:50;1;7777,4
5:36:44;02:36:10;1;7777,4
5:37:04;02:36:30;1;7784,6
5:37:24;02:36:50;1;7779,8
5:37:44;02:37:10;1;7777,4
5:38:04;02:37:30;1;7779,8
5:38:24;02:37:50;1;7784,6
5:38:44;02:38:10;1;7777,4
5:39:04;02:38:30;1;7779,8
5:39:24;02:38:50;1;7774,9
5:39:44;02:39:10;1;7774,9
5:40:04;02:39:30;1;7774,9
5:40:24;02:39:50;1;7777,4
5:40:44;02:40:10;1;7777,4
5:41:04;02:40:30;1;7782,2
5:41:24;02:40:50;1;7779,8
5:41:44;02:41:10;1;7779,8
5:42:04;02:41:30;1;7772,5
5:42:24;02:41:50;1;7770,1
5:42:44;02:42:10;1;7777,4
5:43:04;02:42:30;1;7777,4
5:43:24;02:42:50;1;7772,5
5:43:44;02:43:10;1;7772,5
5:44:04;02:43:30;1;7774,9
5:44:24;02:43:50;1;7774,9
5:44:44;02:44:10;1;7777,4
5:45:04;02:44:30;1;7774,9
5:45:24;02:44:50;1;7774,9
5:45:44;02:45:10;1;7774,9
5:46:04;02:45:30;1;7774,9
5:46:24;02:45:50;1;7774,9
5:46:44;02:46:10;1;7774,9
5:47:04;02:46:30;1;7772,5
5:47:24;02:46:50;1;7767,7
5:47:44;02:47:10;1;7770,1
5:48:04;02:47:30;1;7777,4
5:48:24;02:47:50;1;7767,7
5:48:44;02:48:10;1;7770,1
5:49:04;02:48:30;1;7770,1
5:49:24;02:48:50;1;7770,1
5:49:44;02:49:10;1;7772,5
5:50:04;02:49:30;1;7772,5
5:50:24;02:49:50;1;7772,5
5:50:44;02:50:10;1;7772,5
5:51:04;02:50:30;1;7767,7
5:51:24;02:50:50;1;7765,3
5:51:44;02:51:10;1;7770,1
5:52:04;02:51:30;1;7767,7
5:52:24;02:51:50;1;7767,7
5:52:44;02:52:10;1;7770,1
5:53:04;02:52:30;1;7765,3
5:53:24;02:52:50;1;7772,5
5:53:44;02:53:10;1;7767,7
5:54:04;02:53:30;1;7770,1
5:54:24;02:53:50;1;7767,7
5:54:44;02:54:10;1;7767,7
5:55:04;02:54:30;1;7767,7
5:55:24;02:54:50;1;7770,1
5:55:44;02:55:10;1;7765,3
5:56:04;02:55:30;1;7760,4
5:56:24;02:55:50;1;7760,4
5:56:44;02:56:10;1;7762,9
5:57:04;02:56:30;1;7765,3
5:57:24;02:56:50;1;7762,9
5:57:44;02:57:10;1;7765,3
5:58:04;02:57:30;1;7762,9
5:58:24;02:57:50;1;7765,3
5:58:44;02:58:10;1;7760,4
5:59:04;02:58:30;1;7765,3
5:59:24;02:58:50;1;7762,9
5:59:44;02:59:10;1;7760,4
6:00:04;02:59:30;1;7758,0
6:00:24;02:59:50;1;7760,4
6:00:44;03:00:10;1;7758,0
6:01:04;03:00:30;1;7758,0
6:01:24;03:00:50;1;7755,6
6:01:44;03:01:10;1;7760,4
6:02:04;03:01:30;1;7758,0
6:02:24;03:01:50;1;7755,6
6:02:44;03:02:10;1;7758,0
6:03:04;03:02:30;1;7762,9
6:03:26;03:02:52;1;7760,4
6:03:46;03:03:12;1;7758,0
6:04:06;03:03:32;1;7753,2
6:04:26;03:03:52;1;7758,0
6:04:46;03:04:12;1;7758,0
6:05:06;03:04:32;1;7753,2
6:05:26;03:04:52;1;7760,4
6:05:46;03:05:12;1;7758,0
6:06:06;03:05:32;1;7753,2
6:06:26;03:05:52;1;7753,2
6:06:46;03:06:12;1;7753,2
6:07:06;03:06:32;1;7753,2
6:07:26;03:06:52;1;7758,0
6:07:46;03:07:12;1;7755,6
6:08:06;03:07:32;1;7755,6
6:08:26;03:07:52;1;7758,0
6:08:46;03:08:12;1;7753,2
6:09:06;03:08:32;1;7755,6
6:09:26;03:08:52;1;7753,2
6:09:46;03:09:12;1;7755,6
6:10:06;03:09:32;1;7755,6
6:10:26;03:09:52;1;7750,8
6:10:46;03:10:12;1;7750,8
6:11:06;03:10:32;1;7748,4
6:11:26;03:10:52;1;7750,8
6:11:46;03:11:12;1;7750,8
6:12:06;03:11:32;1;7753,2
6:12:26;03:11:52;1;7750,8
6:12:46;03:12:12;1;7743,5
6:13:06;03:12:32;1;7750,8
6:13:26;03:12:52;1;7753,2
6:13:46;03:13:12;1;7745,9
6:14:06;03:13:32;1;7750,8
6:14:26;03:13:52;1;7748,4
6:14:46;03:14:12;1;7741,1
6:15:06;03:14:32;1;7741,1
6:15:26;03:14:52;1;7743,5
6:15:46;03:15:12;1;7743,5
6:16:06;03:15:32;1;7743,5
6:16:26;03:15:52;1;7753,2
6:16:46;03:16:12;1;7745,9
6:17:06;03:16:32;1;7748,4
6:17:26;03:16:52;1;7743,5
6:17:46;03:17:12;1;7736,3
6:18:06;03:17:32;1;7741,1
6:18:27;03:17:53;1;7733,9
6:18:48;03:18:14;1;7738,7
6:19:08;03:18:34;1;7736,3
6:19:28;03:18:54;1;7736,3
6:19:48;03:19:14;1;7731,4
6:20:08;03:19:34;1;7741,1
6:20:28;03:19:54;1;7743,5
6:20:48;03:20:14;1;7733,9
6:21:08;03:20:34;1;7745,9
6:21:28;03:20:54;1;7736,3
6:21:48;03:21:14;1;7733,9
6:22:08;03:21:34;1;7733,9
6:22:28;03:21:54;1;7729,0
6:22:48;03:22:14;1;7733,9
6:23:08;03:22:34;1;7733,9
6:23:28;03:22:54;1;7731,4
6:23:48;03:23:14;1;7729,0
6:24:08;03:23:34;1;7726,6
6:24:28;03:23:54;1;7731,4
6:24:48;03:24:14;1;7724,2
6:25:08;03:24:34;1;7736,3
6:25:28;03:24:54;1;7729,0
6:25:48;03:25:14;1;7726,6
6:26:08;03:25:34;1;7729,0
6:26:28;03:25:54;1;7726,6
6:26:48;03:26:14;1;7729,0
6:27:08;03:26:34;1;7724,2
6:27:28;03:26:54;1;7726,6
6:27:48;03:27:14;1;7724,2
6:28:08;03:27:34;1;7733,9
6:28:28;03:27:54;1;7729,0
6:28:48;03:28:14;1;7736,3
6:29:08;03:28:34;1;7729,0
6:29:28;03:28:54;1;7729,0
6:29:48;03:29:14;1;7719,3
6:30:08;03:29:34;1;7726,6
6:30:28;03:29:54;1;7729,0
6:30:48;03:30:14;1;7726,6
6:31:08;03:30:34;1;7726,6
6:31:28;03:30:54;1;7724,2
6:31:48;03:31:14;1;7721,8
6:32:08;03:31:34;1;7721,8
6:32:28;03:31:54;1;7719,3
6:32:48;03:32:14;1;7721,8
6:33:08;03:32:34;1;7726,6
6:33:28;03:32:54;1;7721,8
6:33:48;03:33:14;1;7724,2
6:34:08;03:33:34;1;7724,2
6:34:28;03:33:54;1;7719,3
6:34:48;03:34:14;1;7721,8
6:35:08;03:34:34;1;7721,8
6:35:28;03:34:54;1;7719,3
6:35:48;03:35:14;1;7719,3
6:36:08;03:35:34;1;7724,2
6:36:28;03:35:54;1;7724,2
6:36:48;03:36:14;1;7719,3
6:37:08;03:36:34;1;7719,3
6:37:28;03:36:54;1;7719,3
6:37:48;03:37:14;1;7716,9
6:38:08;03:37:34;1;7719,3
6:38:28;03:37:54;1;7721,8
6:38:48;03:38:14;1;7712,1
6:39:08;03:38:34;1;7719,3
6:39:28;03:38:54;1;7716,9
6:39:48;03:39:14;1;7719,3
6:40:08;03:39:34;1;7712,1
6:40:28;03:39:54;1;7716,9
6:40:48;03:40:14;1;7716,9
6:41:08;03:40:34;1;7716,9
6:41:28;03:40:54;1;7709,7
6:41:48;03:41:14;1;7714,5
6:42:08;03:41:34;1;7714,5
6:42:28;03:41:54;1;7714,5
6:42:48;03:42:14;1;7709,7
6:43:08;03:42:34;1;7709,7
6:43:28;03:42:54;1;7714,5
6:43:48;03:43:14;1;7714,5
6:44:08;03:43:34;1;7709,7
6:44:28;03:43:54;1;7714,5
6:44:48;03:44:14;1;7712,1
6:45:08;03:44:34;1;7712,1
6:45:28;03:44:54;1;7709,7
6:45:48;03:45:14;1;7716,9
6:46:08;03:45:34;1;7714,5
6:46:28;03:45:54;1;7707,3
6:46:48;03:46:14;1;7712,1
6:47:08;03:46:34;1;7712,1
6:47:28;03:46:54;1;7712,1
6:47:48;03:47:14;1;7709,7
6:48:08;03:47:34;1;7709,7
6:48:29;03:47:55;1;7700,0
6:48:50;03:48:16;1;7709,7
6:49:10;03:48:36;1;7707,3
6:49:30;03:48:56;1;7707,3
6:49:50;03:49:16;1;7704,8
6:50:10;03:49:36;1;7707,3
6:50:30;03:49:56;1;7702,4
6:50:50;03:50:16;1;7704,8
6:51:10;03:50:36;1;7707,3
6:51:30;03:50:56;1;7707,3
6:51:50;03:51:16;1;7700,0
6:52:10;03:51:36;1;7702,4
6:52:30;03:51:56;1;7700,0
6:52:50;03:52:16;1;7697,6
6:53:10;03:52:36;1;7695,2
6:53:30;03:52:56;1;7700,0
6:53:50;03:53:16;1;7697,6
6:54:10;03:53:36;1;7702,4
6:54:30;03:53:56;1;7700,0
6:54:50;03:54:16;1;7695,2
6:55:10;03:54:36;1;7702,4
6:55:30;03:54:56;1;7697,6
6:55:50;03:55:16;1;7697,6
6:56:10;03:55:36;1;7692,8
6:56:30;03:55:56;1;7692,8
6:56:50;03:56:16;1;7692,8
6:57:10;03:56:36;1;7695,2
6:57:30;03:56:56;1;7695,2
6:57:50;03:57:16;1;7695,2
6:58:10;03:57:36;1;7692,8
6:58:30;03:57:56;1;7687,9
6:58:50;03:58:16;1;7690,3
6:59:10;03:58:36;1;7692,8
6:59:30;03:58:56;1;7687,9
6:59:50;03:59:16;1;7695,2
7:00:10;03:59:36;1;7690,3
7:00:30;03:59:56;1;7692,8
7:00:50;04:00:16;1;7690,3
7:01:10;04:00:36;1;7690,3
7:01:30;04:00:56;1;7692,8
7:01:50;04:01:16;1;7690,3
7:02:10;04:01:36;1;7692,8
7:02:30;04:01:56;1;7692,8
7:02:50;04:02:16;1;7690,3
7:03:10;04:02:36;1;7685,5
7:03:30;04:02:56;1;7683,1
7:03:50;04:03:16;1;7685,5
7:04:10;04:03:36;1;7687,9
7:04:30;04:03:56;1;7685,5
7:04:50;04:04:16;1;7680,7
7:05:10;04:04:36;1;7683,1
7:05:30;04:04:56;1;7683,1
7:05:50;04:05:16;1;7685,5
7:06:10;04:05:36;1;7685,5
7:06:30;04:05:56;1;7687,9
7:06:50;04:06:16;1;7680,7
7:07:10;04:06:36;1;7683,1
7:07:30;04:06:56;1;7683,1
7:07:50;04:07:16;1;7685,5
7:08:10;04:07:36;1;7683,1
7:08:30;04:07:56;1;7683,1
7:08:50;04:08:16;1;7683,1
7:09:10;04:08:36;1;7680,7
7:09:30;04:08:56;1;7680,7
7:09:50;04:09:16;1;7680,7
7:10:10;04:09:36;1;7678,2
7:10:30;04:09:56;1;7675,8
7:10:50;04:10:16;1;7683,1
7:11:10;04:10:36;1;7683,1
7:11:30;04:10:56;1;7680,7
7:11:50;04:11:16;1;7678,2
7:12:10;04:11:36;1;7680,7
7:12:30;04:11:56;1;7675,8
7:12:50;04:12:16;1;7683,1
7:13:10;04:12:36;1;7680,7
7:13:30;04:12:56;1;7678,2
7:13:50;04:13:16;1;7680,7
7:14:10;04:13:36;1;7673,4
7:14:30;04:13:56;1;7680,7
7:14:50;04:14:16;1;7675,8
7:15:10;04:14:36;1;7675,8
7:15:30;04:14:56;1;7678,2
7:15:50;04:15:16;1;7680,7
7:16:10;04:15:36;1;7671,0
7:16:30;04:15:56;1;7673,4
7:16:50;04:16:16;1;7673,4
7:17:10;04:16:36;1;7671,0
7:17:30;04:16:56;1;7675,8
7:17:50;04:17:16;1;7673,4
7:18:10;04:17:36;1;7671,0
7:18:30;04:17:56;1;7673,4
7:18:50;04:18:16;1;7668,6
7:19:10;04:18:36;1;7666,2
7:19:30;04:18:56;1;7668,6
7:19:50;04:19:16;1;7668,6
7:20:10;04:19:36;1;7671,0
7:20:30;04:19:56;1;7671,0
7:20:50;04:20:16;1;7671,0
7:21:10;04:20:36;1;7668,6
7:21:30;04:20:56;1;7671,0
7:21:50;04:21:16;1;7663,7
7:22:10;04:21:36;1;7668,6
7:22:30;04:21:56;1;7663,7
7:22:50;04:22:16;1;7663,7
7:23:10;04:22:36;1;7668,6
7:23:30;04:22:56;1;7663,7
7:23:50;04:23:16;1;7663,7
7:24:10;04:23:36;1;7663,7
7:24:30;04:23:56;1;7666,2
7:24:50;04:24:16;1;7666,2
7:25:10;04:24:36;1;7663,7
7:25:30;04:24:56;1;7658,9
7:25:50;04:25:16;1;7658,9
7:26:10;04:25:36;1;7666,2
7:26:30;04:25:56;1;7654,1
7:26:50;04:26:16;1;7658,9
7:27:10;04:26:36;1;7661,3
7:27:30;04:26:56;1;7658,9
7:27:50;04:27:16;1;7663,7
7:28:10;04:27:36;1;7654,1
7:28:30;04:27:56;1;7658,9
7:28:50;04:28:16;1;7656,5
7:29:10;04:28:36;1;7651,7
7:29:30;04:28:56;1;7651,7
7:29:50;04:29:16;1;7656,5
7:30:10;04:29:36;1;7654,1
7:30:30;04:29:56;1;7651,7
7:30:50;04:30:16;1;7661,3
7:31:10;04:30:36;1;7654,1
7:31:30;04:30:56;1;7651,7
7:31:50;04:31:16;1;7654,1
7:32:10;04:31:36;1;7651,7
7:32:30;04:31:56;1;7646,8
7:32:50;04:32:16;1;7649,2
7:33:10;04:32:36;1;7651,7
7:33:30;04:32:56;1;7651,7
7:33:50;04:33:16;1;7649,2
7:34:10;04:33:36;1;7644,4
7:34:30;04:33:56;1;7651,7
7:34:50;04:34:16;1;7649,2
7:35:10;04:34:36;1;7649,2
7:35:30;04:34:56;1;7649,2
7:35:50;04:35:16;1;7644,4
7:36:10;04:35:36;1;7644,4
7:36:30;04:35:56;1;7642,0
7:36:50;04:36:16;1;7649,2
7:37:10;04:36:36;1;7644,4
7:37:30;04:36:56;1;7644,4
7:37:50;04:37:16;1;7649,2
7:38:10;04:37:36;1;7646,8
7:38:30;04:37:56;1;7646,8
7:38:50;04:38:16;1;7646,8
7:39:10;04:38:36;1;7651,7
7:39:30;04:38:56;1;7646,8
7:39:50;04:39:16;1;7644,4
7:40:10;04:39:36;1;7642,0
7:40:30;04:39:56;1;7642,0
7:40:50;04:40:16;1;7642,0
7:41:10;04:40:36;1;7644,4
7:41:30;04:40:56;1;7639,6
7:41:50;04:41:16;1;7639,6
7:42:10;04:41:36;1;7646,8
7:42:30;04:41:56;1;7639,6
7:42:50;04:42:16;1;7642,0
7:43:10;04:42:36;1;7639,6
7:43:30;04:42:56;1;7642,0
7:43:50;04:43:16;1;7642,0
7:44:10;04:43:36;1;7637,1
7:44:30;04:43:56;1;7644,4
7:44:50;04:44:16;1;7639,6
7:45:10;04:44:36;1;7639,6
7:45:30;04:44:56;1;7639,6
7:45:50;04:45:16;1;7639,6
7:46:10;04:45:36;1;7639,6
7:46:30;04:45:56;1;7637,1
7:46:50;04:46:16;1;7637,1
7:47:10;04:46:36;1;7634,7
7:47:30;04:46:56;1;7634,7
7:47:51;04:47:17;1;7634,7
7:48:11;04:47:37;1;7634,7
7:48:31;04:47:57;1;7627,5
7:48:51;04:48:17;1;7637,1
7:49:11;04:48:37;1;7632,3
7:49:31;04:48:57;1;7629,9
7:49:51;04:49:17;1;7634,7
7:50:11;04:49:37;1;7632,3
7:50:31;04:49:57;1;7632,3
7:50:51;04:50:17;1;7632,3
7:51:11;04:50:37;1;7632,3
7:51:31;04:50:57;1;7632,3
7:51:51;04:51:17;1;7629,9
7:52:11;04:51:37;1;7627,5
7:52:31;04:51:57;1;7627,5
7:52:51;04:52:17;1;7627,5
7:53:11;04:52:37;1;7629,9
7:53:31;04:52:57;1;7629,9
7:53:51;04:53:17;1;7627,5
7:54:11;04:53:37;1;7627,5
7:54:31;04:53:57;1;7622,6
7:54:51;04:54:17;1;7625,1
7:55:11;04:54:37;1;7627,5
7:55:31;04:54:57;1;7627,5
7:55:51;04:55:17;1;7627,5
7:56:11;04:55:37;1;7620,2
7:56:31;04:55:57;1;7617,8
7:56:51;04:56:17;1;7620,2
7:57:11;04:56:37;1;7620,2
7:57:31;04:56:57;1;7620,2
7:57:51;04:57:17;1;7622,6
7:58:11;04:57:37;1;7617,8
7:58:31;04:57:57;1;7625,1
7:58:51;04:58:17;1;7625,1
7:59:11;04:58:37;1;7625,1
7:59:31;04:58:57;1;7627,5
7:59:51;04:59:17;1;7620,2
8:00:11;04:59:37;1;7615,4
8:00:31;04:59:57;1;7620,2
8:00:51;05:00:17;1;7620,2
8:01:11;05:00:37;1;7615,4
8:01:31;05:00:57;1;7615,4
8:01:51;05:01:17;1;7615,4
8:02:11;05:01:37;1;7615,4
8:02:31;05:01:57;1;7615,4
8:02:51;05:02:17;1;7617,8
8:03:11;05:02:37;1;7613,0
8:03:32;05:02:58;1;7613,0
8:03:52;05:03:18;1;7615,4
8:04:12;05:03:38;1;7617,8
8:04:32;05:03:58;1;7608,1
8:04:52;05:04:18;1;7610,6
8:05:12;05:04:38;1;7610,6
8:05:32;05:04:58;1;7610,6
8:05:52;05:05:18;1;7610,6
8:06:12;05:05:38;1;7615,4
8:06:32;05:05:58;1;7605,7
8:06:52;05:06:18;1;7610,6
8:07:12;05:06:38;1;7610,6
8:07:32;05:06:58;1;7610,6
8:07:52;05:07:18;1;7608,1
8:08:12;05:07:38;1;7608,1
8:08:32;05:07:58;1;7608,1
8:08:52;05:08:18;1;7608,1
8:09:12;05:08:38;1;7608,1
8:09:32;05:08:58;1;7608,1
8:09:52;05:09:18;1;7605,7
8:10:12;05:09:38;1;7605,7
8:10:32;05:09:58;1;7605,7
8:10:52;05:10:18;1;7608,1
8:11:12;05:10:38;1;7605,7
8:11:32;05:10:58;1;7603,3
8:11:52;05:11:18;1;7605,7
8:12:12;05:11:38;1;7605,7
8:12:32;05:11:58;1;7603,3
8:12:52;05:12:18;1;7600,9
8:13:12;05:12:38;1;7608,1
8:13:32;05:12:58;1;7600,9
8:13:52;05:13:18;1;7600,9
8:14:12;05:13:38;1;7603,3
8:14:32;05:13:58;1;7603,3
8:14:52;05:14:18;1;7600,9
8:15:12;05:14:38;1;7600,9
8:15:32;05:14:58;1;7598,5
8:15:52;05:15:18;1;7600,9
8:16:12;05:15:38;1;7600,9
8:16:32;05:15:58;1;7600,9
8:16:52;05:16:18;1;7603,3
8:17:12;05:16:38;1;7600,9
8:17:32;05:16:58;1;7598,5
8:17:52;05:17:18;1;7603,3
8:18:12;05:17:38;1;7600,9
8:18:32;05:17:58;1;7596,0
8:18:52;05:18:18;1;7600,9
8:19:12;05:18:38;1;7600,9
8:19:32;05:18:58;1;7596,0
8:19:52;05:19:18;1;7596,0
8:20:12;05:19:38;1;7596,0
8:20:32;05:19:58;1;7596,0
8:20:52;05:20:18;1;7591,2
8:21:12;05:20:38;1;7591,2
8:21:32;05:20:58;1;7588,8
8:21:52;05:21:18;1;7593,6
8:22:12;05:21:38;1;7593,6
8:22:32;05:21:58;1;7591,2
8:22:52;05:22:18;1;7588,8
8:23:12;05:22:38;1;7584,0
8:23:32;05:22:58;1;7588,8
8:23:52;05:23:18;1;7588,8
8:24:12;05:23:38;1;7588,8
8:24:32;05:23:58;1;7581,5
8:24:52;05:24:18;1;7586,4
8:25:12;05:24:38;1;7586,4
8:25:32;05:24:58;1;7591,2
8:25:52;05:25:18;1;7584,0
8:26:12;05:25:38;1;7588,8
8:26:32;05:25:58;1;7586,4
8:26:52;05:26:18;1;7591,2
8:27:12;05:26:38;1;7591,2
8:27:32;05:26:58;1;7586,4
8:27:52;05:27:18;1;7579,1
8:28:12;05:27:38;1;7581,5
8:28:32;05:27:58;1;7579,1
8:28:52;05:28:18;1;7584,0
8:29:12;05:28:38;1;7581,5
8:29:32;05:28:58;1;7574,3
8:29:52;05:29:18;1;7581,5
8:30:12;05:29:38;1;7571,9
8:30:32;05:29:58;1;7574,3
8:30:52;05:30:18;1;7574,3
8:31:13;05:30:39;1;7504,2
8:31:33;05:30:59;1;7576,7
8:31:53;05:31:19;1;7579,1
8:32:13;05:31:39;1;7579,1
8:32:33;05:31:59;1;7574,3
8:32:53;05:32:19;1;7571,9
8:33:13;05:32:39;1;7574,3
8:33:33;05:32:59;1;7581,5
8:33:53;05:33:19;1;7571,9
8:34:13;05:33:39;1;7574,3
8:34:33;05:33:59;1;7574,3
8:34:53;05:34:19;1;7571,9
8:35:13;05:34:39;1;7571,9
8:35:33;05:34:59;1;7571,9
8:35:53;05:35:19;1;7574,3
8:36:13;05:35:39;1;7484,8
8:36:33;05:35:59;1;7569,5
8:36:53;05:36:19;1;7567,0
8:37:13;05:36:39;1;7569,5
8:37:33;05:36:59;1;7571,9
8:37:53;05:37:19;1;7569,5
8:38:13;05:37:39;1;7567,0
8:38:33;05:37:59;1;7571,9
8:38:53;05:38:19;1;7567,0
8:39:13;05:38:39;1;7574,3
8:39:33;05:38:59;1;7569,5
8:39:53;05:39:19;1;7569,5
8:40:13;05:39:39;1;7569,5
8:40:33;05:39:59;1;7569,5
8:40:54;05:40:20;1;7564,6
8:41:14;05:40:40;1;7564,6
8:41:34;05:41:00;1;7564,6
8:41:54;05:41:20;1;7567,0
8:42:14;05:41:40;1;7569,5
8:42:34;05:42:00;1;7567,0
8:42:54;05:42:20;1;7567,0
8:43:14;05:42:40;1;7567,0
8:43:34;05:43:00;1;7564,6
8:43:54;05:43:20;1;7564,6
8:44:14;05:43:40;1;7567,0
8:44:34;05:44:00;1;7567,0
8:44:54;05:44:20;1;7562,2
8:45:14;05:44:40;1;7562,2
8:45:34;05:45:00;1;7562,2
8:45:54;05:45:20;1;7564,6
8:46:14;05:45:40;1;7564,6
8:46:34;05:46:00;1;7567,0
8:46:54;05:46:20;1;7559,8
8:47:14;05:46:40;1;7562,2
8:47:34;05:47:00;1;7564,6
8:47:54;05:47:20;1;7559,8
8:48:14;05:47:40;1;7564,6
8:48:34;05:48:00;1;7564,6
8:48:54;05:48:20;1;7559,8
8:49:14;05:48:40;1;7559,8
8:49:34;05:49:00;1;7562,2
8:49:54;05:49:20;1;7557,4
8:50:14;05:49:40;1;7559,8
8:50:34;05:50:00;1;7564,6
8:50:54;05:50:20;1;7562,2
8:51:14;05:50:40;1;7554,9
8:51:34;05:51:00;1;7554,9
8:51:54;05:51:20;1;7559,8
8:52:14;05:51:40;1;7554,9
8:52:34;05:52:00;1;7557,4
8:52:54;05:52:20;1;7559,8
8:53:14;05:52:40;1;7557,4
8:53:34;05:53:00;1;7557,4
8:53:54;05:53:20;1;7554,9
8:54:14;05:53:40;1;7554,9
8:54:34;05:54:00;1;7557,4
8:54:54;05:54:20;1;7559,8
8:55:14;05:54:40;1;7554,9
8:55:34;05:55:00;1;7559,8
8:55:54;05:55:20;1;7554,9
8:56:14;05:55:40;1;7552,5
8:56:34;05:56:00;1;7554,9
8:56:54;05:56:20;1;7550,1
8:57:14;05:56:40;1;7552,5
8:57:34;05:57:00;1;7554,9
8:57:54;05:57:20;1;7552,5
8:58:14;05:57:40;1;7554,9
8:58:34;05:58:00;1;7550,1
8:58:54;05:58:20;1;7550,1
8:59:14;05:58:40;1;7552,5
8:59:34;05:59:00;1;7552,5
8:59:54;05:59:20;1;7542,9
9:00:14;05:59:40;1;7554,9
9:00:34;06:00:00;1;7550,1
9:00:54;06:00:20;1;7552,5
9:01:14;06:00:40;1;7480,0
9:01:34;06:01:00;1;7545,3
9:01:54;06:01:20;1;7552,5
9:02:14;06:01:40;1;7545,3
9:02:34;06:02:00;1;7550,1
9:02:54;06:02:20;1;7550,1
9:03:14;06:02:40;1;7547,7
9:03:34;06:03:00;1;7542,9
9:03:54;06:03:20;1;7547,7
9:04:14;06:03:40;1;7545,3
9:04:34;06:04:00;1;7552,5
9:04:54;06:04:20;1;7545,3
9:05:14;06:04:40;1;7542,9
9:05:34;06:05:00;1;7552,5
9:05:54;06:05:20;1;7545,3
9:06:14;06:05:40;1;7545,3
9:06:34;06:06:00;1;7550,1
9:06:54;06:06:20;1;7545,3
9:07:14;06:06:40;1;7545,3
9:07:34;06:07:00;1;7542,9
9:07:54;06:07:20;1;7547,7
9:08:14;06:07:40;1;7542,9
9:08:34;06:08:00;1;7542,9
9:08:54;06:08:20;1;7542,9
9:09:15;06:08:41;1;7542,9
9:09:35;06:09:01;1;7540,4
9:09:55;06:09:21;1;7538,0
9:10:15;06:09:41;1;7542,9
9:10:35;06:10:01;1;7542,9
9:10:55;06:10:21;1;7542,9
9:11:15;06:10:41;1;7535,6
9:11:35;06:11:01;1;7538,0
9:11:55;06:11:21;1;7535,6
9:12:15;06:11:41;1;7538,0
9:12:35;06:12:01;1;7540,4
9:12:55;06:12:21;1;7540,4
9:13:15;06:12:41;1;7535,6
9:13:35;06:13:01;1;7540,4
9:13:55;06:13:21;1;7538,0
9:14:15;06:13:41;1;7540,4
9:14:35;06:14:01;1;7540,4
9:14:55;06:14:21;1;7535,6
9:15:15;06:14:41;1;7538,0
9:15:35;06:15:01;1;7530,8
9:15:55;06:15:21;1;7533,2
9:16:15;06:15:41;1;7538,0
9:16:35;06:16:01;1;7533,2
9:16:55;06:16:21;1;7533,2
9:17:15;06:16:41;1;7535,6
9:17:35;06:17:01;1;7535,6
9:17:55;06:17:21;1;7533,2
9:18:15;06:17:41;1;7533,2
9:18:35;06:18:01;1;7426,8
9:18:55;06:18:21;1;7535,6
9:19:15;06:18:41;1;7533,2
9:19:35;06:19:01;1;7533,2
9:19:55;06:19:21;1;7533,2
9:20:15;06:19:41;1;7533,2
9:20:35;06:20:01;1;7533,2
9:20:55;06:20:21;1;7528,4
9:21:15;06:20:41;1;7528,4
9:21:35;06:21:01;1;7533,2
9:21:55;06:21:21;1;7530,8
9:22:15;06:21:41;1;7533,2
9:22:35;06:22:01;1;7530,8
9:22:55;06:22:21;1;7528,4
9:23:15;06:22:41;1;7525,9
9:23:35;06:23:01;1;7528,4
9:23:55;06:23:21;1;7528,4
9:24:15;06:23:41;1;7528,4
9:24:35;06:24:01;1;7525,9
9:24:55;06:24:21;1;7530,8
9:25:15;06:24:41;1;7528,4
9:25:35;06:25:01;1;7530,8
9:25:55;06:25:21;1;7525,9
9:26:15;06:25:41;1;7463,1
9:26:35;06:26:01;1;7525,9
9:26:55;06:26:21;1;7530,8
9:27:15;06:26:41;1;7525,9
9:27:35;06:27:01;1;7528,4
9:27:55;06:27:21;1;7523,5
9:28:16;06:27:42;1;7525,9
9:28:36;06:28:02;1;7528,4
9:28:56;06:28:22;1;7523,5
9:29:16;06:28:42;1;7523,5
9:29:36;06:29:02;1;7528,4
9:29:56;06:29:22;1;7528,4
9:30:16;06:29:42;1;7518,7
9:30:36;06:30:02;1;7523,5
9:30:56;06:30:22;1;7521,1
9:31:16;06:30:42;1;7455,8
9:31:36;06:31:02;1;7521,1
9:31:56;06:31:22;1;7523,5
9:32:16;06:31:42;1;7521,1
9:32:36;06:32:02;1;7523,5
9:32:56;06:32:22;1;7521,1
9:33:16;06:32:42;1;7523,5
9:33:36;06:33:02;1;7521,1
9:33:56;06:33:22;1;7521,1
9:34:16;06:33:42;1;7523,5
9:34:36;06:34:02;1;7521,1
9:34:56;06:34:22;1;7518,7
9:35:16;06:34:42;1;7521,1
9:35:36;06:35:02;1;7523,5
9:35:56;06:35:22;1;7521,1
9:36:16;06:35:42;1;7518,7
9:36:36;06:36:02;1;7518,7
9:36:56;06:36:22;1;7516,3
9:37:16;06:36:42;1;7518,7
9:37:36;06:37:02;1;7516,3
9:37:56;06:37:22;1;7516,3
9:38:16;06:37:42;1;7518,7
9:38:36;06:38:02;1;7521,1
9:38:56;06:38:22;1;7518,7
9:39:16;06:38:42;1;7518,7
9:39:36;06:39:02;1;7518,7
9:39:56;06:39:22;1;7521,1
9:40:16;06:39:42;1;7516,3
9:40:36;06:40:02;1;7516,3
9:40:56;06:40:22;1;7513,9
9:41:16;06:40:42;1;7446,2
9:41:36;06:41:02;1;7516,3
9:41:56;06:41:22;1;7516,3
9:42:16;06:41:42;1;7513,9
9:42:36;06:42:02;1;7513,9
9:42:56;06:42:22;1;7509,0
9:43:16;06:42:42;1;7516,3
9:43:36;06:43:02;1;7518,7
9:43:57;06:43:23;1;7516,3
9:44:17;06:43:43;1;7509,0
9:44:37;06:44:03;1;7513,9
9:44:57;06:44:23;1;7513,9
9:45:17;06:44:43;1;7509,0
9:45:37;06:45:03;1;7511,4
9:45:57;06:45:23;1;7513,9
9:46:17;06:45:43;1;7506,6
9:46:37;06:46:03;1;7511,4
9:46:57;06:46:23;1;7513,9
9:47:17;06:46:43;1;7516,3
9:47:37;06:47:03;1;7516,3
9:47:57;06:47:23;1;7516,3
9:48:17;06:47:43;1;7513,9
9:48:36;06:48:02;1;7506,6
9:48:56;06:48:22;1;7511,4
9:49:16;06:48:42;1;7513,9
9:49:36;06:49:02;1;7511,4
9:49:56;06:49:22;1;7513,9
9:50:16;06:49:42;1;7511,4
9:50:36;06:50:02;1;7511,4
9:50:56;06:50:22;1;7506,6
9:51:16;06:50:42;1;7506,6
9:51:36;06:51:02;1;7506,6
9:51:56;06:51:22;1;7506,6
9:52:16;06:51:42;1;7509,0
9:52:36;06:52:02;1;7506,6
9:52:56;06:52:22;1;7511,4
9:53:16;06:52:42;1;7496,9
9:53:36;06:53:02;1;7499,3
9:53:56;06:53:22;1;7506,6
9:54:16;06:53:42;1;7504,2
9:54:36;06:54:02;1;7501,8
9:54:56;06:54:22;1;7501,8
9:55:16;06:54:42;1;7501,8
9:55:36;06:55:02;1;7499,3
9:55:56;06:55:22;1;7504,2
9:56:16;06:55:42;1;7499,3
9:56:36;06:56:02;1;7501,8
9:56:56;06:56:22;1;7501,8
9:57:16;06:56:42;1;7501,8
9:57:36;06:57:02;1;7504,2
9:57:56;06:57:22;1;7501,8
9:58:16;06:57:42;1;7496,9
9:58:36;06:58:02;1;7501,8
9:58:56;06:58:22;1;7499,3
9:59:16;06:58:42;1;7496,9
9:59:36;06:59:02;1;7496,9
9:59:56;06:59:22;1;7506,6
10:00:16;06:59:42;1;7501,8
10:00:36;07:00:02;1;7496,9
10:00:56;07:00:22;1;7499,3
10:01:16;07:00:42;1;7494,5
10:01:36;07:01:02;1;7499,3
10:01:56;07:01:22;1;7496,9
10:02:16;07:01:42;1;7496,9
10:02:36;07:02:02;1;7494,5
10:02:56;07:02:22;1;7499,3
10:03:16;07:02:42;1;7494,5
10:03:36;07:03:02;1;7492,1
10:03:56;07:03:22;1;7496,9
10:04:16;07:03:42;1;7496,9
10:04:36;07:04:02;1;7492,1
10:04:56;07:04:22;1;7496,9
10:05:16;07:04:42;1;7494,5
10:05:36;07:05:02;1;7494,5
10:05:56;07:05:22;1;7492,1
10:06:16;07:05:42;1;7492,1
10:06:36;07:06:02;1;7492,1
10:06:56;07:06:22;1;7489,7
10:07:16;07:06:42;1;7492,1
10:07:36;07:07:02;1;7492,1
10:07:56;07:07:22;1;7492,1
10:08:16;07:07:42;1;7494,5
10:08:36;07:08:02;1;7489,7
10:08:56;07:08:22;1;7489,7
10:09:16;07:08:42;1;7487,3
10:09:36;07:09:02;1;7487,3
10:09:56;07:09:22;1;7489,7
10:10:16;07:09:42;1;7487,3
10:10:36;07:10:02;1;7492,1
10:10:56;07:10:22;1;7489,7
10:11:16;07:10:42;1;7484,8
10:11:36;07:11:02;1;7487,3
10:11:56;07:11:22;1;7487,3
10:12:16;07:11:42;1;7489,7
10:12:36;07:12:02;1;7484,8
10:12:56;07:12:22;1;7487,3
10:13:16;07:12:42;1;7489,7
10:13:36;07:13:02;1;7487,3
10:13:56;07:13:22;1;7489,7
10:14:16;07:13:42;1;7489,7
10:14:36;07:14:02;1;7487,3
10:14:56;07:14:22;1;7487,3
10:15:16;07:14:42;1;7487,3
10:15:36;07:15:02;1;7487,3
10:15:56;07:15:22;1;7487,3
10:16:16;07:15:42;1;7482,4
10:16:36;07:16:02;1;7487,3
10:16:56;07:16:22;1;7482,4
10:17:16;07:16:42;1;7484,8
10:17:36;07:17:02;1;7487,3
10:17:56;07:17:22;1;7482,4
10:18:16;07:17:42;1;7482,4
10:18:36;07:18:02;1;7364,0
10:18:56;07:18:22;1;7482,4
10:19:16;07:18:42;1;7482,4
10:19:36;07:19:02;1;7482,4
10:19:56;07:19:22;1;7482,4
10:20:16;07:19:42;1;7484,8
10:20:36;07:20:02;1;7482,4
10:20:56;07:20:22;1;7482,4
10:21:16;07:20:42;1;7477,6
10:21:36;07:21:02;1;7482,4
10:21:56;07:21:22;1;7482,4
10:22:16;07:21:42;1;7477,6
10:22:36;07:22:02;1;7477,6
10:22:56;07:22:22;1;7480,0
10:23:16;07:22:42;1;7480,0
10:23:36;07:23:02;1;7480,0
10:23:56;07:23:22;1;7480,0
10:24:16;07:23:42;1;7477,6
10:24:36;07:24:02;1;7480,0
10:24:56;07:24:22;1;7475,2
10:25:16;07:24:42;1;7477,6
10:25:36;07:25:02;1;7480,0
10:25:56;07:25:22;1;7480,0
10:26:16;07:25:42;1;7475,2
10:26:36;07:26:02;1;7477,6
10:26:56;07:26:22;1;7475,2
10:27:16;07:26:42;1;7477,6
10:27:36;07:27:02;1;7475,2
10:27:56;07:27:22;1;7472,8
10:28:16;07:27:42;1;7475,2
10:28:36;07:28:02;1;7475,2
10:28:56;07:28:22;1;7477,6
10:29:16;07:28:42;1;7475,2
10:29:36;07:29:02;1;7477,6
10:29:56;07:29:22;1;7475,2
10:30:16;07:29:42;1;7472,8
10:30:37;07:30:03;1;7475,2
10:30:57;07:30:23;1;7470,3
10:31:17;07:30:43;1;7470,3
10:31:37;07:31:03;1;7472,8
10:31:57;07:31:23;1;7472,8
10:32:17;07:31:43;1;7472,8
10:32:37;07:32:03;1;7472,8
10:32:57;07:32:23;1;7472,8
10:33:17;07:32:43;1;7472,8
10:33:37;07:33:03;1;7467,9
10:33:58;07:33:24;1;7475,2
10:34:18;07:33:44;1;7470,3
10:34:38;07:34:04;1;7470,3
10:34:58;07:34:24;1;7470,3
10:35:18;07:34:44;1;7467,9
10:35:38;07:35:04;1;7467,9
10:35:58;07:35:24;1;7472,8
10:36:18;07:35:44;1;7465,5
10:36:38;07:36:04;1;7465,5
10:36:58;07:36:24;1;7467,9
10:37:18;07:36:44;1;7467,9
10:37:38;07:37:04;1;7465,5
10:37:58;07:37:24;1;7465,5
10:38:18;07:37:44;1;7465,5
10:38:38;07:38:04;1;7463,1
10:38:58;07:38:24;1;7467,9
10:39:18;07:38:44;1;7463,1
10:39:38;07:39:04;1;7465,5
10:39:58;07:39:24;1;7467,9
10:40:18;07:39:44;1;7465,5
10:40:38;07:40:04;1;7467,9
10:40:58;07:40:24;1;7463,1
10:41:18;07:40:44;1;7458,2
10:41:38;07:41:04;1;7460,7
10:41:58;07:41:24;1;7465,5
10:42:18;07:41:44;1;7463,1
10:42:38;07:42:04;1;7463,1
10:42:58;07:42:24;1;7460,7
10:43:18;07:42:44;1;7465,5
10:43:38;07:43:04;1;7455,8
10:43:58;07:43:24;1;7460,7
10:44:18;07:43:44;1;7458,2
10:44:38;07:44:04;1;7463,1
10:44:58;07:44:24;1;7460,7
10:45:18;07:44:44;1;7458,2
10:45:38;07:45:04;1;7460,7
10:45:58;07:45:24;1;7458,2
10:46:18;07:45:44;1;7455,8
10:46:38;07:46:04;1;7453,4
10:46:58;07:46:24;1;7455,8
10:47:18;07:46:44;1;7455,8
10:47:38;07:47:04;1;7451,0
10:47:58;07:47:24;1;7458,2
10:48:18;07:47:44;1;7455,8
10:48:39;07:48:05;1;7448,6
10:49:00;07:48:26;1;7451,0
10:49:20;07:48:46;1;7455,8
10:49:40;07:49:06;1;7451,0
10:50:00;07:49:26;1;7448,6
10:50:20;07:49:46;1;7448,6
10:50:40;07:50:06;1;7451,0
10:51:00;07:50:26;1;7448,6
10:51:20;07:50:46;1;7448,6
10:51:40;07:51:06;1;7446,2
10:52:00;07:51:26;1;7448,6
10:52:20;07:51:46;1;7451,0
10:52:40;07:52:06;1;7448,6
10:53:00;07:52:26;1;7446,2
10:53:20;07:52:46;1;7446,2
10:53:40;07:53:06;1;7443,7
10:54:00;07:53:26;1;7446,2
10:54:20;07:53:46;1;7446,2
10:54:40;07:54:06;1;7443,7
10:55:00;07:54:26;1;7446,2
10:55:20;07:54:46;1;7443,7
10:55:40;07:55:06;1;7446,2
10:56:00;07:55:26;1;7443,7
10:56:20;07:55:46;1;7441,3
10:56:40;07:56:06;1;7441,3
10:57:00;07:56:26;1;7443,7
10:57:20;07:56:46;1;7443,7
10:57:40;07:57:06;1;7446,2
10:58:00;07:57:26;1;7448,6
10:58:20;07:57:46;1;7443,7
10:58:40;07:58:06;1;7443,7
10:59:00;07:58:26;1;7443,7
10:59:20;07:58:46;1;7441,3
10:59:40;07:59:06;1;7441,3
11:00:00;07:59:26;1;7438,9
11:00:20;07:59:46;1;7441,3
11:00:40;08:00:06;1;7443,7
11:01:00;08:00:26;1;7443,7
11:01:20;08:00:46;1;7441,3
11:01:40;08:01:06;1;7446,2
11:02:00;08:01:26;1;7436,5
11:02:20;08:01:46;1;7441,3
11:02:40;08:02:06;1;7436,5
11:03:00;08:02:26;1;7441,3
11:03:20;08:02:46;1;7431,7
11:03:41;08:03:07;1;7419,6
11:04:02;08:03:28;1;7426,8
11:04:22;08:03:48;1;7434,1
11:04:42;08:04:08;1;7426,8
11:05:02;08:04:28;1;7436,5
11:05:22;08:04:48;1;7426,8
11:05:42;08:05:08;1;7422,0
11:06:02;08:05:28;1;7431,7
11:06:22;08:05:48;1;7419,6
11:06:42;08:06:08;1;7419,6
11:07:02;08:06:28;1;7424,4
11:07:22;08:06:48;1;7419,6
11:07:42;08:07:08;1;7417,1
11:08:02;08:07:28;1;7429,2
11:08:22;08:07:48;1;7426,8
11:08:42;08:08:08;1;7424,4
11:09:02;08:08:28;1;7424,4
11:09:22;08:08:48;1;7414,7
11:09:42;08:09:08;1;7414,7
11:10:02;08:09:28;1;7412,3
11:10:22;08:09:48;1;7424,4
11:10:42;08:10:08;1;7417,1
11:11:02;08:10:28;1;7414,7
11:11:22;08:10:48;1;7409,9
11:11:42;08:11:08;1;7407,5
11:12:02;08:11:28;1;7412,3
11:12:22;08:11:48;1;7412,3
11:12:42;08:12:08;1;7409,9
11:13:02;08:12:28;1;7412,3
11:13:22;08:12:48;1;7412,3
11:13:42;08:13:08;1;7409,9
11:14:02;08:13:28;1;7407,5
11:14:22;08:13:48;1;7407,5
11:14:42;08:14:08;1;7409,9
11:15:02;08:14:28;1;7407,5
11:15:22;08:14:48;1;7407,5
11:15:42;08:15:08;1;7412,3
11:16:02;08:15:28;1;7407,5
11:16:22;08:15:48;1;7407,5
11:16:42;08:16:08;1;7407,5
11:17:02;08:16:28;1;7405,1
11:17:22;08:16:48;1;7407,5
11:17:42;08:17:08;1;7405,1
11:18:02;08:17:28;1;7405,1
11:18:22;08:17:48;1;7402,6
11:18:43;08:18:09;1;7402,6
11:19:04;08:18:30;1;7405,1
11:19:24;08:18:50;1;7405,1
11:19:44;08:19:10;1;7402,6
11:20:04;08:19:30;1;7402,6
11:20:24;08:19:50;1;7402,6
11:20:44;08:20:10;1;7405,1
11:21:04;08:20:30;1;7400,2
11:21:24;08:20:50;1;7402,6
11:21:44;08:21:10;1;7402,6
11:22:04;08:21:30;1;7405,1
11:22:24;08:21:50;1;7402,6
11:22:44;08:22:10;1;7397,8
11:23:04;08:22:30;1;7405,1
11:23:24;08:22:50;1;7400,2
11:23:44;08:23:10;1;7400,2
11:24:04;08:23:30;1;7400,2
11:24:24;08:23:50;1;7402,6
11:24:44;08:24:10;1;7397,8
11:25:04;08:24:30;1;7397,8
11:25:24;08:24:50;1;7393,0
11:25:44;08:25:10;1;7397,8
11:26:04;08:25:30;1;7400,2
11:26:24;08:25:50;1;7397,8
11:26:44;08:26:10;1;7397,8
11:27:04;08:26:30;1;7390,6
11:27:24;08:26:50;1;7390,6
11:27:44;08:27:10;1;7390,6
11:28:04;08:27:30;1;7395,4
11:28:24;08:27:50;1;7395,4
11:28:44;08:28:10;1;7400,2
11:29:04;08:28:30;1;7393,0
11:29:24;08:28:50;1;7390,6
11:29:44;08:29:10;1;7385,7
11:30:04;08:29:30;1;7393,0
11:30:24;08:29:50;1;7393,0
11:30:44;08:30:10;1;7385,7
11:31:04;08:30:30;1;7393,0
11:31:24;08:30:50;1;7385,7
11:31:44;08:31:10;1;7383,3
11:32:04;08:31:30;1;7388,1
11:32:24;08:31:50;1;7393,0
11:32:44;08:32:10;1;7385,7
11:33:04;08:32:30;1;7383,3
11:33:24;08:32:50;1;7388,1
11:33:45;08:33:11;1;7378,5
11:34:06;08:33:32;1;7380,9
11:34:26;08:33:52;1;7383,3
11:34:46;08:34:12;1;7383,3
11:35:06;08:34:32;1;7380,9
11:35:26;08:34:52;1;7383,3
11:35:46;08:35:12;1;7385,7
11:36:06;08:35:32;1;7383,3
11:36:26;08:35:52;1;7380,9
11:36:46;08:36:12;1;7383,3
11:37:06;08:36:32;1;7385,7
11:37:26;08:36:52;1;7380,9
11:37:46;08:37:12;1;7380,9
11:38:06;08:37:32;1;7380,9
11:38:26;08:37:52;1;7380,9
11:38:46;08:38:12;1;7380,9
11:39:06;08:38:32;1;7378,5
11:39:26;08:38:52;1;7380,9
11:39:46;08:39:12;1;7378,5
11:40:06;08:39:32;1;7378,5
11:40:26;08:39:52;1;7380,9
11:40:46;08:40:12;1;7383,3
11:41:06;08:40:32;1;7378,5
11:41:26;08:40:52;1;7376,0
11:41:46;08:41:12;1;7376,0
11:42:06;08:41:32;1;7376,0
11:42:26;08:41:52;1;7380,9
11:42:46;08:42:12;1;7378,5
11:43:06;08:42:32;1;7378,5
11:43:26;08:42:52;1;7373,6
11:43:46;08:43:12;1;7376,0
11:44:06;08:43:32;1;7378,5
11:44:26;08:43:52;1;7378,5
11:44:46;08:44:12;1;7373,6
11:45:06;08:44:32;1;7376,0
11:45:26;08:44:52;1;7376,0
11:45:46;08:45:12;1;7373,6
11:46:06;08:45:32;1;7376,0
11:46:26;08:45:52;1;7368,8
11:46:46;08:46:12;1;7373,6
11:47:06;08:46:32;1;7373,6
11:47:26;08:46:52;1;7371,2
11:47:46;08:47:12;1;7373,6
11:48:06;08:47:32;1;7373,6
11:48:26;08:47:52;1;7373,6
11:48:47;08:48:13;1;7368,8
11:49:08;08:48:34;1;7371,2
11:49:28;08:48:54;1;7371,2
11:49:48;08:49:14;1;7376,0
11:50:08;08:49:34;1;7371,2
11:50:28;08:49:54;1;7371,2
11:50:48;08:50:14;1;7373,6
11:51:08;08:50:34;1;7371,2
11:51:28;08:50:54;1;7366,4
11:51:48;08:51:14;1;7371,2
11:52:08;08:51:34;1;7371,2
11:52:28;08:51:54;1;7368,8
11:52:48;08:52:14;1;7371,2
11:53:08;08:52:34;1;7368,8
11:53:28;08:52:54;1;7368,8
11:53:48;08:53:14;1;7368,8
11:54:08;08:53:34;1;7368,8
11:54:28;08:53:54;1;7368,8
11:54:48;08:54:14;1;7366,4
11:55:08;08:54:34;1;7368,8
11:55:28;08:54:54;1;7366,4
11:55:48;08:55:14;1;7364,0
11:56:08;08:55:34;1;7366,4
11:56:28;08:55:54;1;7366,4
11:56:48;08:56:14;1;7366,4
11:57:08;08:56:34;1;7366,4
11:57:28;08:56:54;1;7366,4
11:57:48;08:57:14;1;7364,0
11:58:08;08:57:34;1;7366,4
11:58:28;08:57:54;1;7364,0
11:58:48;08:58:14;1;7366,4
11:59:08;08:58:34;1;7361,5
11:59:28;08:58:54;1;7366,4
11:59:48;08:59:14;1;7364,0
12:00:08;08:59:34;1;7364,0
12:00:28;08:59:54;1;7364,0
12:00:48;09:00:14;1;7364,0
12:01:08;09:00:34;1;7364,0
12:01:28;09:00:54;1;7356,7
12:01:48;09:01:14;1;7361,5
12:02:08;09:01:34;1;7359,1
12:02:28;09:01:54;1;7359,1
12:02:48;09:02:14;1;7359,1
12:03:08;09:02:34;1;7359,1
12:03:28;09:02:54;1;7361,5
12:03:49;09:03:15;1;7356,7
12:04:10;09:03:36;1;7359,1
12:04:30;09:03:56;1;7356,7
12:04:50;09:04:16;1;7359,1
12:05:10;09:04:36;1;7359,1
12:05:30;09:04:56;1;7361,5
12:05:50;09:05:16;1;7354,3
12:06:10;09:05:36;1;7356,7
12:06:30;09:05:56;1;7354,3
12:06:50;09:06:16;1;7356,7
12:07:10;09:06:36;1;7356,7
12:07:30;09:06:56;1;7354,3
12:07:50;09:07:16;1;7356,7
12:08:10;09:07:36;1;7354,3
12:08:30;09:07:56;1;7351,9
12:08:50;09:08:16;1;7349,5
12:09:10;09:08:36;1;7347,0
12:09:30;09:08:56;1;7354,3
12:09:50;09:09:16;1;7349,5
12:10:10;09:09:36;1;7351,9
12:10:30;09:09:56;1;7349,5
12:10:50;09:10:16;1;7349,5
12:11:10;09:10:36;1;7354,3
12:11:30;09:10:56;1;7347,0
12:11:50;09:11:16;1;7349,5
12:12:10;09:11:36;1;7347,0
12:12:30;09:11:56;1;7347,0
12:12:50;09:12:16;1;7349,5
12:13:10;09:12:36;1;7351,9
12:13:30;09:12:56;1;7342,2
12:13:50;09:13:16;1;7342,2
12:14:10;09:13:36;1;7344,6
12:14:30;09:13:56;1;7349,5
12:14:50;09:14:16;1;7347,0
12:15:10;09:14:36;1;7342,2
12:15:30;09:14:56;1;7344,6
12:15:50;09:15:16;1;7347,0
12:16:10;09:15:36;1;7342,2
12:16:30;09:15:56;1;7342,2
12:16:50;09:16:16;1;7342,2
12:17:10;09:16:36;1;7339,8
12:17:30;09:16:56;1;7339,8
12:17:50;09:17:16;1;7339,8
12:18:10;09:17:36;1;7339,8
12:18:30;09:17:56;1;7342,2
12:18:51;09:18:17;1;7334,9
12:19:12;09:18:38;1;7337,4
12:19:32;09:18:58;1;7342,2
12:19:52;09:19:18;1;7339,8
12:20:12;09:19:38;1;7339,8
12:20:32;09:19:58;1;7337,4
12:20:52;09:20:18;1;7339,8
12:21:12;09:20:38;1;7342,2
12:21:32;09:20:58;1;7339,8
12:21:52;09:21:18;1;7339,8
12:22:12;09:21:38;1;7337,4
12:22:32;09:21:58;1;7339,8
12:22:52;09:22:18;1;7342,2
12:23:12;09:22:38;1;7342,2
12:23:32;09:22:58;1;7337,4
12:23:52;09:23:18;1;7337,4
12:24:12;09:23:38;1;7334,9
12:24:32;09:23:58;1;7332,5
12:24:52;09:24:18;1;7334,9
12:25:12;09:24:38;1;7337,4
12:25:32;09:24:58;1;7334,9
12:25:52;09:25:18;1;7334,9
12:26:12;09:25:38;1;7334,9
12:26:32;09:25:58;1;7332,5
12:26:52;09:26:18;1;7334,9
12:27:12;09:26:38;1;7334,9
12:27:32;09:26:58;1;7339,8
12:27:52;09:27:18;1;7332,5
12:28:12;09:27:38;1;7337,4
12:28:32;09:27:58;1;7334,9
12:28:52;09:28:18;1;7330,1
12:29:12;09:28:38;1;7334,9
12:29:32;09:28:58;1;7332,5
12:29:52;09:29:18;1;7332,5
12:30:12;09:29:38;1;7334,9
12:30:32;09:29:58;1;7334,9
12:30:52;09:30:18;1;7332,5
12:31:12;09:30:38;1;7332,5
12:31:32;09:30:58;1;7332,5
12:31:52;09:31:18;1;7332,5
12:32:12;09:31:38;1;7332,5
12:32:32;09:31:58;1;7332,5
12:32:52;09:32:18;1;7330,1
12:33:12;09:32:38;1;7330,1
12:33:32;09:32:58;1;7332,5
12:33:53;09:33:19;1;7327,7
12:34:14;09:33:40;1;7330,1
12:34:34;09:34:00;1;7332,5
12:34:54;09:34:20;1;7327,7
12:35:14;09:34:40;1;7327,7
12:35:34;09:35:00;1;7330,1
12:35:54;09:35:20;1;7327,7
12:36:14;09:35:40;1;7322,9
12:36:34;09:36:00;1;7330,1
12:36:54;09:36:20;1;7327,7
12:37:14;09:36:40;1;7327,7
12:37:34;09:37:00;1;7330,1
12:37:54;09:37:20;1;7327,7
12:38:14;09:37:40;1;7327,7
12:38:34;09:38:00;1;7327,7
12:38:54;09:38:20;1;7325,3
12:39:14;09:38:40;1;7327,7
12:39:34;09:39:00;1;7327,7
12:39:54;09:39:20;1;7327,7
12:40:14;09:39:40;1;7327,7
12:40:34;09:40:00;1;7322,9
12:40:54;09:40:20;1;7325,3
12:41:14;09:40:40;1;7327,7
12:41:34;09:41:00;1;7322,9
12:41:54;09:41:20;1;7325,3
12:42:14;09:41:40;1;7322,9
12:42:34;09:42:00;1;7322,9
12:42:54;09:42:20;1;7322,9
12:43:14;09:42:40;1;7325,3
12:43:34;09:43:00;1;7322,9
12:43:54;09:43:20;1;7320,4
12:44:14;09:43:40;1;7320,4
12:44:34;09:44:00;1;7327,7
12:44:54;09:44:20;1;7320,4
12:45:14;09:44:40;1;7320,4
12:45:34;09:45:00;1;7318,0
12:45:54;09:45:20;1;7320,4
12:46:14;09:45:40;1;7315,6
12:46:34;09:46:00;1;7318,0
12:46:54;09:46:20;1;7320,4
12:47:14;09:46:40;1;7320,4
12:47:34;09:47:00;1;7315,6
12:47:54;09:47:20;1;7318,0
12:48:14;09:47:40;1;7315,6
12:48:35;09:48:01;1;7320,4
12:48:55;09:48:21;1;7318,0
12:49:16;09:48:42;1;7315,6
12:49:36;09:49:02;1;7318,0
12:49:56;09:49:22;1;7318,0
12:50:16;09:49:42;1;7315,6
12:50:36;09:50:02;1;7318,0
12:50:56;09:50:22;1;7313,2
12:51:16;09:50:42;1;7308,4
12:51:36;09:51:02;1;7313,2
12:51:56;09:51:22;1;7313,2
12:52:16;09:51:42;1;7310,8
12:52:36;09:52:02;1;7315,6
12:52:56;09:52:22;1;7315,6
12:53:16;09:52:42;1;7310,8
12:53:36;09:53:02;1;7310,8
12:53:56;09:53:22;1;7308,4
12:54:16;09:53:42;1;7305,9
12:54:36;09:54:02;1;7313,2
12:54:56;09:54:22;1;7310,8
12:55:16;09:54:42;1;7315,6
12:55:36;09:55:02;1;7303,5
12:55:56;09:55:22;1;7310,8
12:56:16;09:55:42;1;7305,9
12:56:36;09:56:02;1;7303,5
12:56:56;09:56:22;1;7308,4
12:57:16;09:56:42;1;7305,9
12:57:36;09:57:02;1;7313,2
12:57:56;09:57:22;1;7308,4
12:58:16;09:57:42;1;7308,4
12:58:36;09:58:02;1;7305,9
12:58:56;09:58:22;1;7305,9
12:59:16;09:58:42;1;7303,5
12:59:36;09:59:02;1;7303,5
12:59:56;09:59:22;1;7301,1
13:00:16;09:59:42;1;7301,1
13:00:36;10:00:02;1;7303,5
13:00:56;10:00:22;1;7303,5
13:01:16;10:00:42;1;7303,5
13:01:36;10:01:02;1;7301,1
13:01:56;10:01:22;1;7301,1
13:02:16;10:01:42;1;7305,9
13:02:36;10:02:02;1;7301,1
13:02:56;10:02:22;1;7298,7
13:03:16;10:02:42;1;7301,1
13:03:36;10:03:02;1;7303,5
13:03:57;10:03:23;1;7296,3
13:04:18;10:03:44;1;7298,7
13:04:38;10:04:04;1;7301,1
13:04:58;10:04:24;1;7298,7
13:05:18;10:04:44;1;7298,7
13:05:38;10:05:04;1;7298,7
13:05:58;10:05:24;1;7298,7
13:06:18;10:05:44;1;7301,1
13:06:38;10:06:04;1;7298,7
13:06:58;10:06:24;1;7296,3
13:07:18;10:06:44;1;7296,3
13:07:38;10:07:04;1;7298,7
13:07:58;10:07:24;1;7298,7
13:08:18;10:07:44;1;7293,9
13:08:38;10:08:04;1;7298,7
13:08:58;10:08:24;1;7298,7
13:09:18;10:08:44;1;7296,3
13:09:38;10:09:04;1;7296,3
13:09:58;10:09:24;1;7296,3
13:10:18;10:09:44;1;7293,9
13:10:38;10:10:04;1;7293,9
13:10:58;10:10:24;1;7293,9
13:11:18;10:10:44;1;7296,3
13:11:38;10:11:04;1;7291,4
13:11:58;10:11:24;1;7293,9
13:12:18;10:11:44;1;7291,4
13:12:38;10:12:04;1;7291,4
13:12:58;10:12:24;1;7293,9
13:13:18;10:12:44;1;7291,4
13:13:38;10:13:04;1;7293,9
13:13:58;10:13:24;1;7289,0
13:14:18;10:13:44;1;7291,4
13:14:38;10:14:04;1;7286,6
13:14:58;10:14:24;1;7289,0
13:15:18;10:14:44;1;7291,4
13:15:38;10:15:04;1;7286,6
13:15:58;10:15:24;1;7289,0
13:16:18;10:15:44;1;7289,0
13:16:38;10:16:04;1;7289,0
13:16:58;10:16:24;1;7286,6
13:17:18;10:16:44;1;7286,6
13:17:38;10:17:04;1;7291,4
13:17:58;10:17:24;1;7286,6
13:18:18;10:17:44;1;7286,6
13:18:38;10:18:04;1;7289,0
13:18:59;10:18:25;1;7276,9
13:19:20;10:18:46;1;7286,6
13:19:40;10:19:06;1;7289,0
13:20:00;10:19:26;1;7279,3
13:20:20;10:19:46;1;7286,6
13:20:40;10:20:06;1;7276,9
13:21:00;10:20:26;1;7284,2
13:21:20;10:20:46;1;7281,8
13:21:40;10:21:06;1;7279,3
13:22:00;10:21:26;1;7284,2
13:22:20;10:21:46;1;7276,9
13:22:40;10:22:06;1;7279,3
13:23:00;10:22:26;1;7284,2
13:23:20;10:22:46;1;7276,9
13:23:40;10:23:06;1;7281,8
13:24:00;10:23:26;1;7281,8
13:24:20;10:23:46;1;7276,9
13:24:40;10:24:06;1;7284,2
13:25:00;10:24:26;1;7281,8
13:25:20;10:24:46;1;7281,8
13:25:40;10:25:06;1;7279,3
13:26:00;10:25:26;1;7267,3
13:26:20;10:25:46;1;7264,8
13:26:40;10:26:06;1;7269,7
13:27:00;10:26:26;1;7267,3
13:27:20;10:26:46;1;7269,7
13:27:40;10:27:06;1;7269,7
13:28:00;10:27:26;1;7274,5
13:28:20;10:27:46;1;7274,5
13:28:40;10:28:06;1;7264,8
13:29:00;10:28:26;1;7267,3
13:29:20;10:28:46;1;7272,1
13:29:40;10:29:06;1;7267,3
13:30:00;10:29:26;1;7269,7
13:30:20;10:29:46;1;7264,8
13:30:40;10:30:06;1;7267,3
13:31:00;10:30:26;1;7264,8
13:31:20;10:30:46;1;7262,4
13:31:40;10:31:06;1;7264,8
13:32:01;10:31:27;1;7269,7
13:32:21;10:31:47;1;7262,4
13:32:41;10:32:07;1;7262,4
13:33:01;10:32:27;1;7264,8
13:33:21;10:32:47;1;7262,4
13:33:41;10:33:07;1;7262,4
13:34:01;10:33:27;1;7257,6
13:34:22;10:33:48;1;7262,4
13:34:42;10:34:08;1;7262,4
13:35:02;10:34:28;1;7260,0
13:35:22;10:34:48;1;7262,4
13:35:42;10:35:08;1;7262,4
13:36:02;10:35:28;1;7262,4
13:36:22;10:35:48;1;7260,0
13:36:42;10:36:08;1;7260,0
13:37:02;10:36:28;1;7257,6
13:37:22;10:36:48;1;7260,0
13:37:42;10:37:08;1;7262,4
13:38:02;10:37:28;1;7260,0
13:38:22;10:37:48;1;7255,2
13:38:42;10:38:08;1;7257,6
13:39:02;10:38:28;1;7255,2
13:39:22;10:38:48;1;7257,6
13:39:42;10:39:08;1;7255,2
13:40:02;10:39:28;1;7257,6
13:40:22;10:39:48;1;7255,2
13:40:42;10:40:08;1;7255,2
13:41:02;10:40:28;1;7255,2
13:41:22;10:40:48;1;7252,8
13:41:42;10:41:08;1;7255,2
13:42:02;10:41:28;1;7255,2
13:42:22;10:41:48;1;7252,8
13:42:42;10:42:08;1;7255,2
13:43:02;10:42:28;1;7252,8
13:43:22;10:42:48;1;7252,8
13:43:42;10:43:08;1;7255,2
13:44:02;10:43:28;1;7255,2
13:44:22;10:43:48;1;7252,8
13:44:42;10:44:08;1;7252,8
13:45:02;10:44:28;1;7247,9
13:45:23;10:44:49;1;7250,3
13:45:43;10:45:09;1;7252,8
13:46:03;10:45:29;1;7250,3
13:46:23;10:45:49;1;7245,5
13:46:43;10:46:09;1;7247,9
13:47:03;10:46:29;1;7250,3
13:47:23;10:46:49;1;7250,3
13:47:43;10:47:09;1;7250,3
13:48:03;10:47:29;1;7250,3
13:48:23;10:47:49;1;7247,9
13:48:43;10:48:09;1;7247,9
13:49:03;10:48:29;1;7245,5
13:49:24;10:48:50;1;7243,1
13:49:44;10:49:10;1;7252,8
13:50:04;10:49:30;1;7247,9
13:50:24;10:49:50;1;7250,3
13:50:44;10:50:10;1;7245,5
13:51:04;10:50:30;1;7243,1
13:51:24;10:50:50;1;7243,1
13:51:44;10:51:10;1;7245,5
13:52:04;10:51:30;1;7240,7
13:52:24;10:51:50;1;7245,5
13:52:44;10:52:10;1;7247,9
13:53:04;10:52:30;1;7243,1
13:53:24;10:52:50;1;7240,7
13:53:44;10:53:10;1;7243,1
13:54:04;10:53:30;1;7243,1
13:54:24;10:53:50;1;7243,1
13:54:44;10:54:10;1;7243,1
13:55:04;10:54:30;1;7238,2
13:55:24;10:54:50;1;7238,2
13:55:45;10:55:11;1;7240,7
13:56:05;10:55:31;1;7238,2
13:56:25;10:55:51;1;7240,7
13:56:45;10:56:11;1;7238,2
13:57:05;10:56:31;1;7235,8
13:57:25;10:56:51;1;7240,7
13:57:45;10:57:11;1;7235,8
13:58:05;10:57:31;1;7233,4
13:58:25;10:57:51;1;7235,8
13:58:45;10:58:11;1;7228,6
13:59:05;10:58:31;1;7235,8
13:59:25;10:58:51;1;7233,4
13:59:45;10:59:11;1;7228,6
14:00:05;10:59:31;1;7233,4
14:00:25;10:59:51;1;7228,6
14:00:45;11:00:11;1;7228,6
14:01:05;11:00:31;1;7228,6
14:01:25;11:00:51;1;7226,2
14:01:45;11:01:11;1;7228,6
14:02:05;11:01:31;1;7228,6
14:02:25;11:01:51;1;7228,6
14:02:45;11:02:11;1;7228,6
14:03:05;11:02:31;1;7228,6
14:03:25;11:02:51;1;7228,6
14:03:45;11:03:11;1;7228,6
14:04:05;11:03:31;1;7223,7
14:04:26;11:03:52;1;7226,2
14:04:46;11:04:12;1;7223,7
14:05:06;11:04:32;1;7228,6
14:05:26;11:04:52;1;7223,7
14:05:46;11:05:12;1;7221,3
14:06:06;11:05:32;1;7228,6
14:06:26;11:05:52;1;7223,7
14:06:46;11:06:12;1;7221,3
14:07:06;11:06:32;1;7223,7
14:07:26;11:06:52;1;7223,7
14:07:46;11:07:12;1;7226,2
14:08:06;11:07:32;1;7218,9
14:08:26;11:07:52;1;7218,9
14:08:46;11:08:12;1;7221,3
14:09:06;11:08:32;1;7221,3
14:09:26;11:08:52;1;7221,3
14:09:46;11:09:12;1;7221,3
14:10:06;11:09:32;1;7221,3
14:10:26;11:09:52;1;7221,3
14:10:46;11:10:12;1;7221,3
14:11:06;11:10:32;1;7218,9
14:11:26;11:10:52;1;7216,5
14:11:47;11:11:13;1;7216,5
14:12:07;11:11:33;1;7218,9
14:12:27;11:11:53;1;7216,5
14:12:47;11:12:13;1;7216,5
14:13:07;11:12:33;1;7216,5
14:13:27;11:12:53;1;7216,5
14:13:47;11:13:13;1;7214,1
14:14:07;11:13:33;1;7216,5
14:14:27;11:13:53;1;7211,7
14:14:47;11:14:13;1;7214,1
14:15:07;11:14:33;1;7214,1
14:15:27;11:14:53;1;7211,7
14:15:47;11:15:13;1;7214,1
14:16:07;11:15:33;1;7211,7
14:16:27;11:15:53;1;7216,5
14:16:47;11:16:13;1;7214,1
14:17:07;11:16:33;1;7211,7
14:17:27;11:16:53;1;7214,1
14:17:47;11:17:13;1;7214,1
14:18:07;11:17:33;1;7211,7
14:18:27;11:17:53;1;7214,1
14:18:47;11:18:13;1;7211,7
14:19:07;11:18:33;1;7209,2
14:19:28;11:18:54;1;7214,1
14:19:48;11:19:14;1;7209,2
14:20:08;11:19:34;1;7209,2
14:20:28;11:19:54;1;7206,8
14:20:48;11:20:14;1;7211,7
14:21:09;11:20:35;1;7209,2
14:21:29;11:20:55;1;7209,2
14:21:49;11:21:15;1;7209,2
14:22:09;11:21:35;1;7206,8
14:22:29;11:21:55;1;7209,2
14:22:49;11:22:15;1;7206,8
14:23:09;11:22:35;1;7204,4
14:23:29;11:22:55;1;7206,8
14:23:49;11:23:15;1;7209,2
14:24:09;11:23:35;1;7206,8
14:24:29;11:23:55;1;7204,4
14:24:49;11:24:15;1;7204,4
14:25:09;11:24:35;1;7204,4
14:25:29;11:24:55;1;7202,0
14:25:49;11:25:15;1;7206,8
14:26:09;11:25:35;1;7202,0
14:26:29;11:25:55;1;7204,4
14:26:49;11:26:15;1;7199,6
14:27:09;11:26:35;1;7202,0
14:27:29;11:26:55;1;7197,1
14:27:49;11:27:15;1;7199,6
14:28:09;11:27:35;1;7194,7
14:28:29;11:27:55;1;7202,0
14:28:49;11:28:15;1;7197,1
14:29:09;11:28:35;1;7202,0
14:29:29;11:28:55;1;7197,1
14:29:49;11:29:15;1;7197,1
14:30:09;11:29:35;1;7197,1
14:30:29;11:29:55;1;7199,6
14:30:49;11:30:15;1;7189,9
14:31:09;11:30:35;1;7194,7
14:31:29;11:30:55;1;7187,5
14:31:49;11:31:15;1;7187,5
14:32:09;11:31:35;1;7187,5
14:32:29;11:31:55;1;7194,7
14:32:49;11:32:15;1;7197,1
14:33:09;11:32:35;1;7197,1
14:33:29;11:32:55;1;7187,5
14:33:49;11:33:15;1;7187,5
14:34:09;11:33:35;1;7182,6
14:34:30;11:33:56;1;7189,9
14:34:50;11:34:16;1;7187,5
14:35:10;11:34:36;1;7189,9
14:35:30;11:34:56;1;7187,5
14:35:50;11:35:16;1;7192,3
14:36:10;11:35:36;1;7185,1
14:36:30;11:35:56;1;7185,1
14:36:50;11:36:16;1;7187,5
14:37:11;11:36:37;1;7187,5
14:37:31;11:36:57;1;7182,6
14:37:51;11:37:17;1;7185,1
14:38:11;11:37:37;1;7185,1
14:38:31;11:37:57;1;7185,1
14:38:51;11:38:17;1;7182,6
14:39:11;11:38:37;1;7182,6
14:39:31;11:38:57;1;7180,2
14:39:51;11:39:17;1;7182,6
14:40:11;11:39:37;1;7180,2
14:40:31;11:39:57;1;7177,8
14:40:51;11:40:17;1;7180,2
14:41:11;11:40:37;1;7182,6
14:41:31;11:40:57;1;7185,1
14:41:51;11:41:17;1;7177,8
14:42:11;11:41:37;1;7177,8
14:42:31;11:41:57;1;7180,2
14:42:51;11:42:17;1;7177,8
14:43:11;11:42:37;1;7180,2
14:43:31;11:42:57;1;7180,2
14:43:51;11:43:17;1;7177,8
14:44:11;11:43:37;1;7180,2
14:44:31;11:43:57;1;7177,8
14:44:51;11:44:17;1;7175,4
14:45:11;11:44:37;1;7177,8
14:45:31;11:44:57;1;7177,8
14:45:51;11:45:17;1;7173,0
14:46:11;11:45:37;1;7175,4
14:46:31;11:45:57;1;7175,4
14:46:51;11:46:17;1;7173,0
14:47:11;11:46:37;1;7173,0
14:47:31;11:46:57;1;7175,4
14:47:51;11:47:17;1;7175,4
14:48:11;11:47:37;1;7173,0
14:48:31;11:47:57;1;7177,8
14:48:51;11:48:17;1;7173,0
14:49:11;11:48:37;1;7168,1
14:49:33;11:48:59;1;7170,6
14:49:53;11:49:19;1;7170,6
14:50:13;11:49:39;1;7170,6
14:50:33;11:49:59;1;7168,1
14:50:53;11:50:19;1;7168,1
14:51:13;11:50:39;1;7170,6
14:51:33;11:50:59;1;7168,1
14:51:53;11:51:19;1;7168,1
14:52:13;11:51:39;1;7165,7
14:52:33;11:51:59;1;7163,3
14:52:53;11:52:19;1;7168,1
14:53:13;11:52:39;1;7168,1
14:53:33;11:52:59;1;7168,1
14:53:53;11:53:19;1;7165,7
14:54:13;11:53:39;1;7163,3
14:54:33;11:53:59;1;7168,1
14:54:53;11:54:19;1;7165,7
14:55:13;11:54:39;1;7168,1
14:55:33;11:54:59;1;7163,3
14:55:53;11:55:19;1;7160,9
14:56:13;11:55:39;1;7160,9
14:56:33;11:55:59;1;7158,5
14:56:53;11:56:19;1;7163,3
14:57:13;11:56:39;1;7160,9
14:57:33;11:56:59;1;7160,9
14:57:53;11:57:19;1;7158,5
14:58:13;11:57:39;1;7160,9
14:58:33;11:57:59;1;7158,5
14:58:53;11:58:19;1;7158,5
14:59:13;11:58:39;1;7160,9
14:59:33;11:58:59;1;7163,3
14:59:53;11:59:19;1;7158,5
15:00:13;11:59:39;1;7160,9
15:00:33;11:59:59;1;7156,0
15:00:53;12:00:19;1;7158,5
15:01:13;12:00:39;1;7160,9
15:01:33;12:00:59;1;7156,0
15:01:53;12:01:19;1;7151,2
15:02:13;12:01:39;1;7153,6
15:02:33;12:01:59;1;7153,6
15:02:53;12:02:19;1;7156,0
15:03:13;12:02:39;1;7153,6
15:03:33;12:02:59;1;7153,6
15:03:53;12:03:19;1;7151,2
15:04:13;12:03:39;1;7146,4
15:04:35;12:04:01;1;7146,4
15:04:55;12:04:21;1;7148,8
15:05:15;12:04:41;1;7146,4
15:05:35;12:05:01;1;7146,4
15:05:55;12:05:21;1;7146,4
15:06:15;12:05:41;1;7148,8
15:06:35;12:06:01;1;7146,4
15:06:55;12:06:21;1;7146,4
15:07:15;12:06:41;1;7146,4
15:07:35;12:07:01;1;7141,5
15:07:55;12:07:21;1;7146,4
15:08:15;12:07:41;1;7146,4
15:08:35;12:08:01;1;7144,0
15:08:55;12:08:21;1;7141,5
15:09:15;12:08:41;1;7146,4
15:09:35;12:09:01;1;7144,0
15:09:55;12:09:21;1;7141,5
15:10:15;12:09:41;1;7144,0
15:10:35;12:10:01;1;7144,0
15:10:55;12:10:21;1;7141,5
15:11:15;12:10:41;1;7144,0
15:11:35;12:11:01;1;7139,1
15:11:55;12:11:21;1;7139,1
15:12:15;12:11:41;1;7139,1
15:12:35;12:12:01;1;7139,1
15:12:55;12:12:21;1;7136,7
15:13:15;12:12:41;1;7139,1
15:13:35;12:13:01;1;7139,1
15:13:55;12:13:21;1;7136,7
15:14:15;12:13:41;1;7136,7
15:14:35;12:14:01;1;7134,3
15:14:55;12:14:21;1;7134,3
15:15:15;12:14:41;1;7141,5
15:15:35;12:15:01;1;7134,3
15:15:55;12:15:21;1;7136,7
15:16:15;12:15:41;1;7136,7
15:16:35;12:16:01;1;7134,3
15:16:55;12:16:21;1;7134,3
15:17:15;12:16:41;1;7139,1
15:17:35;12:17:01;1;7134,3
15:17:55;12:17:21;1;7131,9
15:18:15;12:17:41;1;7134,3
15:18:35;12:18:01;1;7134,3
15:18:55;12:18:21;1;7136,7
15:19:16;12:18:42;1;7131,9
15:19:37;12:19:03;1;7134,3
15:19:57;12:19:23;1;7131,9
15:20:17;12:19:43;1;7131,9
15:20:37;12:20:03;1;7131,9
15:20:57;12:20:23;1;7131,9
15:21:17;12:20:43;1;7119,8
15:21:37;12:21:03;1;7134,3
15:21:57;12:21:23;1;7131,9
15:22:17;12:21:43;1;7124,6
15:22:37;12:22:03;1;7119,8
15:22:57;12:22:23;1;7124,6
15:23:17;12:22:43;1;7112,5
15:23:37;12:23:03;1;7117,4
15:23:57;12:23:23;1;7127,0
15:24:17;12:23:43;1;7117,4
15:24:37;12:24:03;1;7127,0
15:24:57;12:24:23;1;7117,4
15:25:17;12:24:43;1;7119,8
15:25:37;12:25:03;1;7127,0
15:25:57;12:25:23;1;7114,9
15:26:17;12:25:43;1;7112,5
15:26:37;12:26:03;1;7122,2
15:26:57;12:26:23;1;7110,1
15:27:17;12:26:43;1;7112,5
15:27:37;12:27:03;1;7112,5
15:27:57;12:27:23;1;7112,5
15:28:17;12:27:43;1;7110,1
15:28:37;12:28:03;1;7110,1
15:28:57;12:28:23;1;7112,5
15:29:17;12:28:43;1;7107,7
15:29:37;12:29:03;1;7107,7
15:29:57;12:29:23;1;7107,7
15:30:17;12:29:43;1;7107,7
15:30:37;12:30:03;1;7107,7
15:30:57;12:30:23;1;7107,7
15:31:17;12:30:43;1;7107,7
15:31:37;12:31:03;1;7107,7
15:31:57;12:31:23;1;7107,7
15:32:17;12:31:43;1;7107,7
15:32:37;12:32:03;1;7105,3
15:32:57;12:32:23;1;7105,3
15:33:17;12:32:43;1;7107,7
15:33:37;12:33:03;1;7107,7
15:33:57;12:33:23;1;7105,3
15:34:18;12:33:44;1;7100,4
15:34:39;12:34:05;1;7102,9
15:34:59;12:34:25;1;7100,4
15:35:19;12:34:45;1;7102,9
15:35:39;12:35:05;1;7102,9
15:35:59;12:35:25;1;7100,4
15:36:19;12:35:45;1;7100,4
15:36:39;12:36:05;1;7100,4
15:36:59;12:36:25;1;7102,9
15:37:19;12:36:45;1;7102,9
15:37:39;12:37:05;1;7102,9
15:37:59;12:37:25;1;7100,4
15:38:19;12:37:45;1;7102,9
15:38:39;12:38:05;1;7100,4
15:38:59;12:38:25;1;7100,4
15:39:19;12:38:45;1;7100,4
15:39:39;12:39:05;1;7098,0
15:39:59;12:39:25;1;7098,0
15:40:19;12:39:45;1;7098,0
15:40:39;12:40:05;1;7098,0
15:40:59;12:40:25;1;7098,0
15:41:19;12:40:45;1;7098,0
15:41:39;12:41:05;1;7100,4
15:41:59;12:41:25;1;7098,0
15:42:19;12:41:45;1;7095,6
15:42:39;12:42:05;1;7098,0
15:42:59;12:42:25;1;7098,0
15:43:19;12:42:45;1;7098,0
15:43:39;12:43:05;1;7095,6
15:43:59;12:43:25;1;7093,2
15:44:19;12:43:45;1;7093,2
15:44:39;12:44:05;1;7095,6
15:44:59;12:44:25;1;7095,6
15:45:19;12:44:45;1;7095,6
15:45:39;12:45:05;1;7090,8
15:45:59;12:45:25;1;7093,2
15:46:19;12:45:45;1;7090,8
15:46:39;12:46:05;1;7093,2
15:46:59;12:46:25;1;7093,2
15:47:19;12:46:45;1;7090,8
15:47:39;12:47:05;1;7090,8
15:47:59;12:47:25;1;7093,2
15:48:19;12:47:45;1;7090,8
15:48:39;12:48:05;1;7088,4
15:48:59;12:48:25;1;7093,2
15:49:20;12:48:46;1;7083,5
15:49:41;12:49:07;1;7090,8
15:50:01;12:49:27;1;7088,4
15:50:21;12:49:47;1;7088,4
15:50:41;12:50:07;1;7088,4
15:51:01;12:50:27;1;7088,4
15:51:21;12:50:47;1;7085,9
15:51:41;12:51:07;1;7085,9
15:52:01;12:51:27;1;7088,4
15:52:21;12:51:47;1;7085,9
15:52:41;12:52:07;1;7088,4
15:53:01;12:52:27;1;7090,8
15:53:21;12:52:47;1;7085,9
15:53:41;12:53:07;1;7088,4
15:54:01;12:53:27;1;7085,9
15:54:21;12:53:47;1;7085,9
15:54:41;12:54:07;1;7081,1
15:55:01;12:54:27;1;7076,3
15:55:21;12:54:47;1;7083,5
15:55:41;12:55:07;1;7085,9
15:56:01;12:55:27;1;7081,1
15:56:21;12:55:47;1;7073,9
15:56:41;12:56:07;1;7076,3
15:57:01;12:56:27;1;7076,3
15:57:21;12:56:47;1;7073,9
15:57:41;12:57:07;1;7073,9
15:58:01;12:57:27;1;7073,9
15:58:21;12:57:47;1;7073,9
15:58:41;12:58:07;1;7076,3
15:59:01;12:58:27;1;7073,9
15:59:21;12:58:47;1;7076,3
15:59:41;12:59:07;1;7073,9
16:00:01;12:59:27;1;7073,9
16:00:21;12:59:47;1;7071,4
16:00:41;13:00:07;1;7071,4
16:01:01;13:00:27;1;7071,4
16:01:21;13:00:47;1;7069,0
16:01:41;13:01:07;1;7069,0
16:02:01;13:01:27;1;7071,4
16:02:21;13:01:47;1;7069,0
16:02:41;13:02:07;1;7073,9
16:03:01;13:02:27;1;7066,6
16:03:21;13:02:47;1;7071,4
16:03:41;13:03:07;1;7069,0
16:04:01;13:03:27;1;7069,0
16:04:22;13:03:48;1;7066,6
16:04:43;13:04:09;1;7066,6
16:05:03;13:04:29;1;7066,6
16:05:23;13:04:49;1;7069,0
16:05:43;13:05:09;1;7069,0
16:06:03;13:05:29;1;7066,6
16:06:23;13:05:49;1;7064,2
16:06:43;13:06:09;1;7064,2
16:07:03;13:06:29;1;7066,6
16:07:23;13:06:49;1;7069,0
16:07:43;13:07:09;1;7066,6
16:08:03;13:07:29;1;7061,8
16:08:23;13:07:49;1;7064,2
16:08:43;13:08:09;1;7061,8
16:09:03;13:08:29;1;7064,2
16:09:23;13:08:49;1;7064,2
16:09:43;13:09:09;1;7064,2
16:10:03;13:09:29;1;7064,2
16:10:23;13:09:49;1;7061,8
16:10:43;13:10:09;1;7064,2
16:11:03;13:10:29;1;7059,3
16:11:23;13:10:49;1;7056,9
16:11:43;13:11:09;1;7061,8
16:12:03;13:11:29;1;7056,9
16:12:23;13:11:49;1;7061,8
16:12:43;13:12:09;1;7061,8
16:13:03;13:12:29;1;7059,3
16:13:23;13:12:49;1;7059,3
16:13:43;13:13:09;1;7059,3
16:14:03;13:13:29;1;7059,3
16:14:23;13:13:49;1;7061,8
16:14:43;13:14:09;1;7059,3
16:15:03;13:14:29;1;7054,5
16:15:23;13:14:49;1;7056,9
16:15:43;13:15:09;1;7056,9
16:16:03;13:15:29;1;7056,9
16:16:23;13:15:49;1;7059,3
16:16:43;13:16:09;1;7056,9
16:17:03;13:16:29;1;7054,5
16:17:23;13:16:49;1;7054,5
16:17:43;13:17:09;1;7056,9
16:18:03;13:17:29;1;7054,5
16:18:23;13:17:49;1;7056,9
16:18:43;13:18:09;1;7056,9
16:19:03;13:18:29;1;7049,7
16:19:24;13:18:50;1;7052,1
16:19:45;13:19:11;1;7054,5
16:20:05;13:19:31;1;7054,5
16:20:25;13:19:51;1;7052,1
16:20:45;13:20:11;1;7047,3
16:21:05;13:20:31;1;7049,7
16:21:25;13:20:51;1;7049,7
16:21:45;13:21:11;1;7049,7
16:22:05;13:21:31;1;7047,3
16:22:25;13:21:51;1;7049,7
16:22:45;13:22:11;1;7047,3
16:23:05;13:22:31;1;7049,7
16:23:25;13:22:51;1;7047,3
16:23:45;13:23:11;1;7049,7
16:24:05;13:23:31;1;7049,7
16:24:25;13:23:51;1;7049,7
16:24:45;13:24:11;1;7047,3
16:25:05;13:24:31;1;7047,3
16:25:25;13:24:51;1;7042,4
16:25:45;13:25:11;1;7047,3
16:26:05;13:25:31;1;7044,8
16:26:25;13:25:51;1;7044,8
16:26:45;13:26:11;1;7040,0
16:27:05;13:26:31;1;7037,6
16:27:25;13:26:51;1;7037,6
16:27:45;13:27:11;1;7044,8
16:28:05;13:27:31;1;7042,4
16:28:25;13:27:51;1;7042,4
16:28:45;13:28:11;1;7037,6
16:29:05;13:28:31;1;7042,4
16:29:25;13:28:51;1;7042,4
16:29:45;13:29:11;1;7037,6
16:30:05;13:29:31;1;7042,4
16:30:25;13:29:51;1;7037,6
16:30:45;13:30:11;1;7032,8
16:31:05;13:30:31;1;7035,2
16:31:25;13:30:51;1;7030,3
16:31:45;13:31:11;1;7035,2
16:32:05;13:31:31;1;7035,2
16:32:25;13:31:51;1;7032,8
16:32:45;13:32:11;1;7037,6
16:33:05;13:32:31;1;7030,3
16:33:25;13:32:51;1;7030,3
16:33:45;13:33:11;1;7035,2
16:34:05;13:33:31;1;7032,8
16:34:26;13:33:52;1;7030,3
16:34:47;13:34:13;1;7027,9
16:35:07;13:34:33;1;7030,3
16:35:27;13:34:53;1;7027,9
16:35:47;13:35:13;1;7030,3
16:36:07;13:35:33;1;7030,3
16:36:27;13:35:53;1;7025,5
16:36:47;13:36:13;1;7027,9
16:37:07;13:36:33;1;7027,9
16:37:27;13:36:53;1;7027,9
16:37:47;13:37:13;1;7030,3
16:38:07;13:37:33;1;7027,9
16:38:27;13:37:53;1;7027,9
16:38:47;13:38:13;1;7027,9
16:39:07;13:38:33;1;7023,1
16:39:27;13:38:53;1;7025,5
16:39:47;13:39:13;1;7025,5
16:40:07;13:39:33;1;7025,5
16:40:27;13:39:53;1;7025,5
16:40:47;13:40:13;1;7025,5
16:41:07;13:40:33;1;7023,1
16:41:27;13:40:53;1;7025,5
16:41:47;13:41:13;1;7023,1
16:42:07;13:41:33;1;7023,1
16:42:27;13:41:53;1;7020,7
16:42:47;13:42:13;1;7023,1
16:43:07;13:42:33;1;7023,1
16:43:27;13:42:53;1;7020,7
16:43:47;13:43:13;1;7023,1
16:44:07;13:43:33;1;7020,7
16:44:27;13:43:53;1;7023,1
16:44:47;13:44:13;1;7020,7
16:45:07;13:44:33;1;7018,2
16:45:27;13:44:53;1;7020,7
16:45:47;13:45:13;1;7020,7
16:46:07;13:45:33;1;7015,8
16:46:27;13:45:53;1;7020,7
16:46:47;13:46:13;1;7023,1
16:47:07;13:46:33;1;7020,7
16:47:27;13:46:53;1;7018,2
16:47:47;13:47:13;1;7018,2
16:48:07;13:47:33;1;7015,8
16:48:27;13:47:53;1;7018,2
16:48:47;13:48:13;1;7015,8
16:49:07;13:48:33;1;7018,2
16:49:28;13:48:54;1;7011,0
16:49:49;13:49:15;1;7015,8
16:50:09;13:49:35;1;7018,2
16:50:29;13:49:55;1;7015,8
16:50:49;13:50:15;1;7013,4
16:51:09;13:50:35;1;7011,0
16:51:29;13:50:55;1;7011,0
16:51:49;13:51:15;1;7011,0
16:52:09;13:51:35;1;7013,4
16:52:29;13:51:55;1;7011,0
16:52:49;13:52:15;1;7015,8
16:53:09;13:52:35;1;7013,4
16:53:29;13:52:55;1;7011,0
16:53:49;13:53:15;1;7008,6
16:54:09;13:53:35;1;7008,6
16:54:29;13:53:55;1;7008,6
16:54:49;13:54:15;1;7011,0
16:55:09;13:54:35;1;7013,4
16:55:29;13:54:55;1;7011,0
16:55:49;13:55:15;1;7008,6
16:56:09;13:55:35;1;7008,6
16:56:29;13:55:55;1;7008,6
16:56:49;13:56:15;1;7006,2
16:57:09;13:56:35;1;7008,6
16:57:29;13:56:55;1;7006,2
16:57:49;13:57:15;1;7008,6
16:58:09;13:57:35;1;7003,7
16:58:29;13:57:55;1;7008,6
16:58:49;13:58:15;1;7006,2
16:59:09;13:58:35;1;7006,2
16:59:29;13:58:55;1;7006,2
16:59:49;13:59:15;1;7003,7
17:00:09;13:59:35;1;7001,3
17:00:29;13:59:55;1;7003,7
17:00:49;14:00:15;1;6998,9
17:01:09;14:00:35;1;7006,2
17:01:29;14:00:55;1;7003,7
17:01:49;14:01:15;1;6996,5
17:02:09;14:01:35;1;6996,5
17:02:29;14:01:55;1;7001,3
17:02:49;14:02:15;1;7001,3
17:03:09;14:02:35;1;6998,9
17:03:29;14:02:55;1;6998,9
17:03:49;14:03:15;1;6996,5
17:04:09;14:03:35;1;6998,9
17:04:30;14:03:56;1;6991,7
17:04:51;14:04:17;1;6994,1
17:05:11;14:04:37;1;6994,1
17:05:31;14:04:57;1;6994,1
17:05:51;14:05:17;1;6994,1
17:06:11;14:05:37;1;6994,1
17:06:31;14:05:57;1;6994,1
17:06:51;14:06:17;1;6996,5
17:07:11;14:06:37;1;6994,1
17:07:31;14:06:57;1;6991,7
17:07:51;14:07:17;1;6991,7
17:08:11;14:07:37;1;6994,1
17:08:31;14:07:57;1;6989,2
17:08:51;14:08:17;1;6989,2
17:09:11;14:08:37;1;6994,1
17:09:31;14:08:57;1;6991,7
17:09:51;14:09:17;1;6991,7
17:10:11;14:09:37;1;6991,7
17:10:31;14:09:57;1;6994,1
17:10:51;14:10:17;1;6989,2
17:11:11;14:10:37;1;6991,7
17:11:31;14:10:57;1;6989,2
17:11:51;14:11:17;1;6989,2
17:12:11;14:11:37;1;6989,2
17:12:31;14:11:57;1;6989,2
17:12:51;14:12:17;1;6991,7
17:13:11;14:12:37;1;6989,2
17:13:31;14:12:57;1;6984,4
17:13:51;14:13:17;1;6986,8
17:14:11;14:13:37;1;6986,8
17:14:31;14:13:57;1;6989,2
17:14:51;14:14:17;1;6986,8
17:15:11;14:14:37;1;6986,8
17:15:31;14:14:57;1;6986,8
17:15:51;14:15:17;1;6984,4
17:16:11;14:15:37;1;6986,8
17:16:31;14:15:57;1;6984,4
17:16:51;14:16:17;1;6984,4
17:17:11;14:16:37;1;6984,4
17:17:31;14:16:57;1;6986,8
17:17:51;14:17:17;1;6982,0
17:18:11;14:17:37;1;6982,0
17:18:31;14:17:57;1;6986,8
17:18:51;14:18:17;1;6984,4
17:19:11;14:18:37;1;6984,4
17:19:32;14:18:58;1;6979,6
17:19:53;14:19:19;1;6979,6
17:20:13;14:19:39;1;6984,4
17:20:33;14:19:59;1;6982,0
17:20:53;14:20:19;1;6979,6
17:21:13;14:20:39;1;6979,6
17:21:33;14:20:59;1;6982,0
17:21:53;14:21:19;1;6979,6
17:22:13;14:21:39;1;6979,6
17:22:33;14:21:59;1;6982,0
17:22:53;14:22:19;1;6982,0
17:23:13;14:22:39;1;6977,1
17:23:33;14:22:59;1;6979,6
17:23:53;14:23:19;1;6984,4
17:24:13;14:23:39;1;6982,0
17:24:33;14:23:59;1;6982,0
17:24:53;14:24:19;1;6982,0
17:25:13;14:24:39;1;6979,6
17:25:33;14:24:59;1;6979,6
17:25:53;14:25:19;1;6977,1
17:26:13;14:25:39;1;6979,6
17:26:33;14:25:59;1;6972,3
17:26:53;14:26:19;1;6977,1
17:27:13;14:26:39;1;6974,7
17:27:33;14:26:59;1;6974,7
17:27:53;14:27:19;1;6977,1
17:28:13;14:27:39;1;6962,6
17:28:33;14:27:59;1;6979,6
17:28:53;14:28:19;1;6972,3
17:29:13;14:28:39;1;6977,1
17:29:33;14:28:59;1;6974,7
17:29:53;14:29:19;1;6974,7
17:30:13;14:29:39;1;6974,7
17:30:33;14:29:59;1;6969,9
17:30:53;14:30:19;1;6972,3
17:31:13;14:30:39;1;6967,5
17:31:33;14:30:59;1;6969,9
17:31:53;14:31:19;1;6965,1
17:32:13;14:31:39;1;6972,3
17:32:33;14:31:59;1;6962,6
17:32:53;14:32:19;1;6969,9
17:33:13;14:32:39;1;6967,5
17:33:33;14:32:59;1;6960,2
17:33:53;14:33:19;1;6962,6
17:34:13;14:33:39;1;6965,1
17:34:34;14:34:00;1;6965,1
17:34:55;14:34:21;1;6962,6
17:35:15;14:34:41;1;6967,5
17:35:35;14:35:01;1;6962,6
17:35:55;14:35:21;1;6965,1
17:36:15;14:35:41;1;6965,1
17:36:35;14:36:01;1;6955,4
17:36:55;14:36:21;1;6969,9
17:37:15;14:36:41;1;6955,4
17:37:35;14:37:01;1;6955,4
17:37:55;14:37:21;1;6957,8
17:38:15;14:37:41;1;6962,6
17:38:35;14:38:01;1;6960,2
17:38:55;14:38:21;1;6953,0
17:39:15;14:38:41;1;6953,0
17:39:35;14:39:01;1;6957,8
17:39:55;14:39:21;1;6957,8
17:40:15;14:39:41;1;6955,4
17:40:35;14:40:01;1;6957,8
17:40:55;14:40:21;1;6957,8
17:41:15;14:40:41;1;6950,6
17:41:35;14:41:01;1;6953,0
17:41:55;14:41:21;1;6950,6
17:42:15;14:41:41;1;6950,6
17:42:35;14:42:01;1;6950,6
17:42:55;14:42:21;1;6953,0
17:43:15;14:42:41;1;6950,6
17:43:35;14:43:01;1;6953,0
17:43:55;14:43:21;1;6955,4
17:44:15;14:43:41;1;6953,0
17:44:35;14:44:01;1;6953,0
17:44:55;14:44:21;1;6953,0
17:45:15;14:44:41;1;6950,6
17:45:35;14:45:01;1;6950,6
17:45:55;14:45:21;1;6950,6
17:46:15;14:45:41;1;6953,0
17:46:35;14:46:01;1;6950,6
17:46:55;14:46:21;1;6950,6
17:47:15;14:46:41;1;6953,0
17:47:35;14:47:01;1;6950,6
17:47:55;14:47:21;1;6950,6
17:48:15;14:47:41;1;6948,1
17:48:35;14:48:01;1;6950,6
17:48:55;14:48:21;1;6953,0
17:49:15;14:48:41;1;6948,1
17:49:36;14:49:02;1;6948,1
17:49:57;14:49:23;1;6948,1
17:50:17;14:49:43;1;6943,3
17:50:37;14:50:03;1;6948,1
17:50:57;14:50:23;1;6945,7
17:51:17;14:50:43;1;6943,3
17:51:37;14:51:03;1;6945,7
17:51:57;14:51:23;1;6945,7
17:52:17;14:51:43;1;6943,3
17:52:37;14:52:03;1;6943,3
17:52:57;14:52:23;1;6940,9
17:53:17;14:52:43;1;6940,9
17:53:37;14:53:03;1;6945,7
17:53:57;14:53:23;1;6945,7
17:54:17;14:53:43;1;6943,3
17:54:37;14:54:03;1;6940,9
17:54:57;14:54:23;1;6940,9
17:55:17;14:54:43;1;6943,3
17:55:37;14:55:03;1;6940,9
17:55:57;14:55:23;1;6936,0
17:56:17;14:55:43;1;6940,9
17:56:37;14:56:03;1;6940,9
17:56:57;14:56:23;1;6943,3
17:57:18;14:56:44;1;6873,2
17:57:38;14:57:04;1;6940,9
17:57:58;14:57:24;1;6940,9
17:58:18;14:57:44;1;6940,9
17:58:38;14:58:04;1;6940,9
17:58:58;14:58:24;1;6936,0
17:59:18;14:58:44;1;6938,5
17:59:38;14:59:04;1;6940,9
17:59:58;14:59:24;1;6938,5
18:00:18;14:59:44;1;6936,0
18:00:38;15:00:04;1;6938,5
18:00:58;15:00:24;1;6938,5
18:01:18;15:00:44;1;6938,5
18:01:38;15:01:04;1;6938,5
18:01:58;15:01:24;1;6938,5
18:02:18;15:01:44;1;6936,0
18:02:38;15:02:04;1;6936,0
18:02:58;15:02:24;1;6936,0
18:03:18;15:02:44;1;6936,0
18:03:38;15:03:04;1;6938,5
18:03:58;15:03:24;1;6936,0
18:04:18;15:03:44;1;6936,0
18:04:38;15:04:04;1;6933,6
18:04:59;15:04:25;1;6936,0
18:05:19;15:04:45;1;6938,5
18:05:39;15:05:05;1;6931,2
18:05:59;15:05:25;1;6938,5
18:06:19;15:05:45;1;6931,2
18:06:39;15:06:05;1;6938,5
18:06:59;15:06:25;1;6933,6
18:07:19;15:06:45;1;6933,6
18:07:39;15:07:05;1;6933,6
18:07:59;15:07:25;1;6936,0
18:08:19;15:07:45;1;6933,6
18:08:39;15:08:05;1;6933,6
18:08:59;15:08:25;1;6928,8
18:09:19;15:08:45;1;6928,8
18:09:39;15:09:05;1;6928,8
18:09:59;15:09:25;1;6936,0
18:10:19;15:09:45;1;6933,6
18:10:39;15:10:05;1;6938,5
18:10:59;15:10:25;1;6931,2
18:11:19;15:10:45;1;6931,2
18:11:39;15:11:05;1;6931,2
18:11:59;15:11:25;1;6933,6
18:12:19;15:11:45;1;6931,2
18:12:39;15:12:05;1;6928,8
18:12:59;15:12:25;1;6931,2
18:13:19;15:12:45;1;6933,6
18:13:39;15:13:05;1;6928,8
18:13:59;15:13:25;1;6928,8
18:14:19;15:13:45;1;6931,2
18:14:39;15:14:05;1;6931,2
18:14:59;15:14:25;1;6924,0
18:15:19;15:14:45;1;6926,4
18:15:39;15:15:05;1;6933,6
18:15:59;15:15:25;1;6924,0
18:16:19;15:15:45;1;6926,4
18:16:39;15:16:05;1;6926,4
18:16:59;15:16:25;1;6921,5
18:17:19;15:16:45;1;6924,0
18:17:39;15:17:05;1;6924,0
18:17:59;15:17:25;1;6924,0
18:18:19;15:17:45;1;6921,5
18:18:39;15:18:05;1;6921,5
18:18:59;15:18:25;1;6921,5
18:19:19;15:18:45;1;6921,5
18:19:40;15:19:06;1;6919,1
18:20:01;15:19:27;1;6919,1
18:20:21;15:19:47;1;6921,5
18:20:41;15:20:07;1;6921,5
18:21:01;15:20:27;1;6919,1
18:21:21;15:20:47;1;6916,7
18:21:41;15:21:07;1;6916,7
18:22:01;15:21:27;1;6919,1
18:22:21;15:21:47;1;6921,5
18:22:41;15:22:07;1;6916,7
18:23:01;15:22:27;1;6916,7
18:23:21;15:22:47;1;6916,7
18:23:41;15:23:07;1;6919,1
18:24:01;15:23:27;1;6916,7
18:24:21;15:23:47;1;6916,7
18:24:41;15:24:07;1;6916,7
18:25:01;15:24:27;1;6916,7
18:25:21;15:24:47;1;6921,5
18:25:41;15:25:07;1;6916,7
18:26:01;15:25:27;1;6919,1
18:26:21;15:25:47;1;6916,7
18:26:41;15:26:07;1;6914,3
18:27:01;15:26:27;1;6914,3
18:27:21;15:26:47;1;6909,5
18:27:41;15:27:07;1;6911,9
18:28:01;15:27:27;1;6914,3
18:28:21;15:27:47;1;6911,9
18:28:41;15:28:07;1;6914,3
18:29:01;15:28:27;1;6914,3
18:29:21;15:28:47;1;6914,3
18:29:41;15:29:07;1;6914,3
18:30:01;15:29:27;1;6914,3
18:30:21;15:29:47;1;6914,3
18:30:41;15:30:07;1;6911,9
18:31:01;15:30:27;1;6909,5
18:31:21;15:30:47;1;6909,5
18:31:41;15:31:07;1;6911,9
18:32:01;15:31:27;1;6911,9
18:32:21;15:31:47;1;6911,9
18:32:41;15:32:07;1;6909,5
18:33:01;15:32:27;1;6909,5
18:33:21;15:32:47;1;6914,3
18:33:41;15:33:07;1;6909,5
18:34:01;15:33:27;1;6911,9
18:34:21;15:33:47;1;6907,0
18:34:42;15:34:08;1;6904,6
18:35:03;15:34:29;1;6909,5
18:35:23;15:34:49;1;6911,9
18:35:43;15:35:09;1;6911,9
18:36:03;15:35:29;1;6907,0
18:36:23;15:35:49;1;6907,0
18:36:43;15:36:09;1;6907,0
18:37:03;15:36:29;1;6909,5
18:37:23;15:36:49;1;6907,0
18:37:43;15:37:09;1;6907,0
18:38:03;15:37:29;1;6907,0
18:38:23;15:37:49;1;6909,5
18:38:43;15:38:09;1;6904,6
18:39:03;15:38:29;1;6909,5
18:39:23;15:38:49;1;6909,5
18:39:43;15:39:09;1;6907,0
18:40:03;15:39:29;1;6909,5
18:40:23;15:39:49;1;6904,6
18:40:43;15:40:09;1;6907,0
18:41:03;15:40:29;1;6907,0
18:41:23;15:40:49;1;6907,0
18:41:43;15:41:09;1;6907,0
18:42:03;15:41:29;1;6907,0
18:42:23;15:41:49;1;6904,6
18:42:43;15:42:09;1;6904,6
18:43:03;15:42:29;1;6902,2
18:43:23;15:42:49;1;6902,2
18:43:43;15:43:09;1;6904,6
18:44:03;15:43:29;1;6904,6
18:44:23;15:43:49;1;6907,0
18:44:43;15:44:09;1;6902,2
18:45:03;15:44:29;1;6904,6
18:45:23;15:44:49;1;6904,6
18:45:43;15:45:09;1;6902,2
18:46:03;15:45:29;1;6904,6
18:46:23;15:45:49;1;6902,2
18:46:43;15:46:09;1;6904,6
18:47:03;15:46:29;1;6899,8
18:47:23;15:46:49;1;6899,8
18:47:43;15:47:09;1;6904,6
18:48:03;15:47:29;1;6902,2
18:48:23;15:47:49;1;6902,2
18:48:43;15:48:09;1;6899,8
18:49:03;15:48:29;1;6899,8
18:49:23;15:48:49;1;6899,8
18:49:44;15:49:10;1;6897,4
18:50:05;15:49:31;1;6902,2
18:50:25;15:49:51;1;6899,8
18:50:45;15:50:11;1;6902,2
18:51:05;15:50:31;1;6899,8
18:51:25;15:50:51;1;6902,2
18:51:45;15:51:11;1;6894,9
18:52:05;15:51:31;1;6902,2
18:52:25;15:51:51;1;6899,8
18:52:45;15:52:11;1;6899,8
18:53:05;15:52:31;1;6897,4
18:53:25;15:52:51;1;6902,2
18:53:45;15:53:11;1;6902,2
18:54:05;15:53:31;1;6899,8
18:54:25;15:53:51;1;6899,8
18:54:45;15:54:11;1;6897,4
18:55:05;15:54:31;1;6899,8
18:55:25;15:54:51;1;6897,4
18:55:45;15:55:11;1;6899,8
18:56:05;15:55:31;1;6899,8
18:56:25;15:55:51;1;6897,4
18:56:45;15:56:11;1;6894,9
18:57:05;15:56:31;1;6897,4
18:57:25;15:56:51;1;6894,9
18:57:45;15:57:11;1;6892,5
18:58:05;15:57:31;1;6892,5
18:58:25;15:57:51;1;6897,4
18:58:45;15:58:11;1;6894,9
18:59:05;15:58:31;1;6897,4
18:59:25;15:58:51;1;6897,4
18:59:45;15:59:11;1;6892,5
19:00:05;15:59:31;1;6892,5
19:00:25;15:59:51;1;6894,9
19:00:45;16:00:11;1;6894,9
19:01:05;16:00:31;1;6892,5
19:01:25;16:00:51;1;6892,5
19:01:45;16:01:11;1;6892,5
19:02:05;16:01:31;1;6892,5
19:02:25;16:01:51;1;6892,5
19:02:45;16:02:11;1;6887,7
19:03:05;16:02:31;1;6890,1
19:03:25;16:02:51;1;6887,7
19:03:45;16:03:11;1;6887,7
19:04:05;16:03:31;1;6887,7
19:04:26;16:03:52;1;6880,4
19:04:46;16:04:12;1;6885,3
19:05:07;16:04:33;1;6882,9
19:05:27;16:04:53;1;6887,7
19:05:47;16:05:13;1;6890,1
19:06:07;16:05:33;1;6882,9
19:06:27;16:05:53;1;6882,9
19:06:47;16:06:13;1;6885,3
19:07:07;16:06:33;1;6887,7
19:07:27;16:06:53;1;6882,9
19:07:47;16:07:13;1;6880,4
19:08:07;16:07:33;1;6882,9
19:08:27;16:07:53;1;6882,9
19:08:47;16:08:13;1;6880,4
19:09:07;16:08:33;1;6882,9
19:09:27;16:08:53;1;6887,7
19:09:47;16:09:13;1;6882,9
19:10:07;16:09:33;1;6882,9
19:10:27;16:09:53;1;6880,4
19:10:47;16:10:13;1;6878,0
19:11:07;16:10:33;1;6880,4
19:11:27;16:10:53;1;6880,4
19:11:47;16:11:13;1;6882,9
19:12:07;16:11:33;1;6878,0
19:12:27;16:11:53;1;6875,6
19:12:47;16:12:13;1;6880,4
19:13:07;16:12:33;1;6878,0
19:13:27;16:12:53;1;6878,0
19:13:47;16:13:13;1;6875,6
19:14:07;16:13:33;1;6878,0
19:14:27;16:13:53;1;6880,4
19:14:47;16:14:13;1;6878,0
19:15:07;16:14:33;1;6878,0
19:15:27;16:14:53;1;6878,0
19:15:48;16:15:14;1;6878,0
19:16:08;16:15:34;1;6878,0
19:16:28;16:15:54;1;6878,0
19:16:48;16:16:14;1;6875,6
19:17:08;16:16:34;1;6878,0
19:17:28;16:16:54;1;6880,4
19:17:48;16:17:14;1;6878,0
19:18:08;16:17:34;1;6875,6
19:18:28;16:17:54;1;6875,6
19:18:48;16:18:14;1;6878,0
19:19:08;16:18:34;1;6875,6
19:19:28;16:18:54;1;6878,0
19:19:48;16:19:14;1;6873,2
19:20:09;16:19:35;1;6875,6
19:20:29;16:19:55;1;6875,6
19:20:49;16:20:15;1;6873,2
19:21:09;16:20:35;1;6878,0
19:21:29;16:20:55;1;6878,0
19:21:49;16:21:15;1;6875,6
19:22:09;16:21:35;1;6873,2
19:22:29;16:21:55;1;6873,2
19:22:49;16:22:15;1;6873,2
19:23:09;16:22:35;1;6875,6
19:23:29;16:22:55;1;6873,2
19:23:49;16:23:15;1;6873,2
19:24:09;16:23:35;1;6873,2
19:24:29;16:23:55;1;6873,2
19:24:49;16:24:15;1;6870,8
19:25:09;16:24:35;1;6873,2
19:25:29;16:24:55;1;6870,8
19:25:49;16:25:15;1;6870,8
19:26:09;16:25:35;1;6873,2
19:26:29;16:25:55;1;6865,9
19:26:49;16:26:15;1;6865,9
19:27:09;16:26:35;1;6870,8
19:27:29;16:26:55;1;6868,4
19:27:49;16:27:15;1;6870,8
19:28:09;16:27:35;1;6868,4
19:28:29;16:27:55;1;6868,4
19:28:49;16:28:15;1;6868,4
19:29:09;16:28:35;1;6870,8
19:29:29;16:28:55;1;6868,4
19:29:49;16:29:15;1;6868,4
19:30:09;16:29:35;1;6870,8
19:30:30;16:29:56;1;6865,9
19:30:50;16:30:16;1;6868,4
19:31:10;16:30:36;1;6870,8
19:31:30;16:30:56;1;6865,9
19:31:50;16:31:16;1;6868,4
19:32:10;16:31:36;1;6868,4
19:32:30;16:31:56;1;6865,9
19:32:50;16:32:16;1;6868,4
19:33:10;16:32:36;1;6868,4
19:33:30;16:32:56;1;6865,9
19:33:50;16:33:16;1;6868,4
19:34:10;16:33:36;1;6868,4
19:34:30;16:33:56;1;6865,9
19:34:50;16:34:16;1;6863,5
19:35:11;16:34:37;1;6865,9
19:35:31;16:34:57;1;6865,9
19:35:51;16:35:17;1;6863,5
19:36:11;16:35:37;1;6863,5
19:36:31;16:35:57;1;6863,5
19:36:51;16:36:17;1;6863,5
19:37:11;16:36:37;1;6865,9
19:37:31;16:36:57;1;6863,5
19:37:51;16:37:17;1;6863,5
19:38:11;16:37:37;1;6863,5
19:38:31;16:37:57;1;6865,9
19:38:51;16:38:17;1;6863,5
19:39:11;16:38:37;1;6863,5
19:39:31;16:38:57;1;6863,5
19:39:51;16:39:17;1;6861,1
19:40:11;16:39:37;1;6863,5
19:40:31;16:39:57;1;6863,5
19:40:51;16:40:17;1;6861,1
19:41:11;16:40:37;1;6861,1
19:41:31;16:40:57;1;6858,7
19:41:51;16:41:17;1;6863,5
19:42:12;16:41:38;1;6861,1
19:42:32;16:41:58;1;6858,7
19:42:52;16:42:18;1;6861,1
19:43:12;16:42:38;1;6861,1
19:43:32;16:42:58;1;6861,1
19:43:52;16:43:18;1;6858,7
19:44:12;16:43:38;1;6861,1
19:44:32;16:43:58;1;6858,7
19:44:52;16:44:18;1;6856,3
19:45:12;16:44:38;1;6858,7
19:45:32;16:44:58;1;6858,7
19:45:52;16:45:18;1;6861,1
19:46:12;16:45:38;1;6858,7
19:46:32;16:45:58;1;6858,7
19:46:52;16:46:18;1;6858,7
19:47:12;16:46:38;1;6856,3
19:47:32;16:46:58;1;6856,3
19:47:52;16:47:18;1;6853,9
19:48:12;16:47:38;1;6861,1
19:48:32;16:47:58;1;6856,3
19:48:52;16:48:18;1;6858,7
19:49:12;16:48:38;1;6856,3
19:49:32;16:48:58;1;6856,3
19:49:52;16:49:18;1;6849,0
19:50:13;16:49:39;1;6856,3
19:50:33;16:49:59;1;6853,9
19:50:53;16:50:19;1;6853,9
19:51:13;16:50:39;1;6851,4
19:51:33;16:50:59;1;6851,4
19:51:53;16:51:19;1;6851,4
19:52:13;16:51:39;1;6853,9
19:52:33;16:51:59;1;6851,4
19:52:53;16:52:19;1;6856,3
19:53:13;16:52:39;1;6851,4
19:53:33;16:52:59;1;6853,9
19:53:53;16:53:19;1;6853,9
19:54:14;16:53:40;1;6853,9
19:54:34;16:54:00;1;6853,9
19:54:54;16:54:20;1;6851,4
19:55:14;16:54:40;1;6851,4
19:55:34;16:55:00;1;6849,0
19:55:54;16:55:20;1;6853,9
19:56:14;16:55:40;1;6851,4
19:56:34;16:56:00;1;6851,4
19:56:54;16:56:20;1;6844,2
19:57:14;16:56:40;1;6853,9
19:57:34;16:57:00;1;6851,4
19:57:54;16:57:20;1;6853,9
19:58:14;16:57:40;1;6849,0
19:58:34;16:58:00;1;6849,0
19:58:54;16:58:20;1;6841,8
19:59:14;16:58:40;1;6849,0
19:59:34;16:59:00;1;6853,9
19:59:54;16:59:20;1;6851,4
20:00:14;16:59:40;1;6846,6
20:00:34;17:00:00;1;6844,2
20:00:54;17:00:20;1;6846,6
20:01:14;17:00:40;1;6841,8
20:01:34;17:01:00;1;6844,2
20:01:54;17:01:20;1;6846,6
20:02:14;17:01:40;1;6851,4
20:02:34;17:02:00;1;6841,8
20:02:54;17:02:20;1;6844,2
20:03:14;17:02:40;1;6841,8
20:03:34;17:03:00;1;6846,6
20:03:54;17:03:20;1;6841,8
20:04:14;17:03:40;1;6841,8
20:04:34;17:04:00;1;6841,8
20:04:54;17:04:20;1;6839,3
20:05:15;17:04:41;1;6844,2
20:05:35;17:05:01;1;6841,8
20:05:55;17:05:21;1;6841,8
20:06:15;17:05:41;1;6839,3
20:06:35;17:06:01;1;6841,8
20:06:55;17:06:21;1;6839,3
20:07:15;17:06:41;1;6836,9
20:07:36;17:07:02;1;6841,8
20:07:56;17:07:22;1;6841,8
20:08:16;17:07:42;1;6839,3
20:08:36;17:08:02;1;6836,9
20:08:56;17:08:22;1;6839,3
20:09:16;17:08:42;1;6836,9
20:09:36;17:09:02;1;6836,9
20:09:56;17:09:22;1;6836,9
20:10:16;17:09:42;1;6834,5
20:10:36;17:10:02;1;6834,5
20:10:56;17:10:22;1;6836,9
20:11:16;17:10:42;1;6839,3
20:11:36;17:11:02;1;6839,3
20:11:56;17:11:22;1;6836,9
20:12:16;17:11:42;1;6834,5
20:12:36;17:12:02;1;6834,5
20:12:56;17:12:22;1;6834,5
20:13:16;17:12:42;1;6834,5
20:13:36;17:13:02;1;6836,9
20:13:56;17:13:22;1;6834,5
20:14:16;17:13:42;1;6834,5
20:14:36;17:14:02;1;6834,5
20:14:56;17:14:22;1;6832,1
20:15:16;17:14:42;1;6834,5
20:15:36;17:15:02;1;6834,5
20:15:56;17:15:22;1;6834,5
20:16:16;17:15:42;1;6834,5
20:16:36;17:16:02;1;6834,5
20:16:56;17:16:22;1;6829,7
20:17:16;17:16:42;1;6832,1
20:17:36;17:17:02;1;6832,1
20:17:56;17:17:22;1;6834,5
20:18:16;17:17:42;1;6832,1
20:18:36;17:18:02;1;6834,5
20:18:56;17:18:22;1;6834,5
20:19:16;17:18:42;1;6829,7
20:19:36;17:19:02;1;6829,7
20:19:56;17:19:22;1;6829,7
20:20:18;17:19:44;1;6829,7
20:20:38;17:20:04;1;6832,1
20:20:58;17:20:24;1;6829,7
20:21:18;17:20:44;1;6832,1
20:21:38;17:21:04;1;6829,7
20:21:58;17:21:24;1;6829,7
20:22:18;17:21:44;1;6829,7
20:22:38;17:22:04;1;6827,3
20:22:58;17:22:24;1;6829,7
20:23:18;17:22:44;1;6829,7
20:23:38;17:23:04;1;6832,1
20:23:58;17:23:24;1;6832,1
20:24:18;17:23:44;1;6827,3
20:24:38;17:24:04;1;6827,3
20:24:58;17:24:24;1;6824,8
20:25:18;17:24:44;1;6829,7
20:25:38;17:25:04;1;6824,8
20:25:58;17:25:24;1;6827,3
20:26:18;17:25:44;1;6754,7
20:26:38;17:26:04;1;6824,8
20:26:58;17:26:24;1;6824,8
20:27:18;17:26:44;1;6824,8
20:27:38;17:27:04;1;6822,4
20:27:58;17:27:24;1;6824,8
20:28:18;17:27:44;1;6824,8
20:28:38;17:28:04;1;6824,8
20:28:58;17:28:24;1;6827,3
20:29:18;17:28:44;1;6827,3
20:29:38;17:29:04;1;6824,8
20:29:58;17:29:24;1;6824,8
20:30:18;17:29:44;1;6824,8
20:30:38;17:30:04;1;6822,4
20:30:58;17:30:24;1;6824,8
20:31:18;17:30:44;1;6747,5
20:31:38;17:31:04;1;6817,6
20:31:58;17:31:24;1;6822,4
20:32:18;17:31:44;1;6815,2
20:32:38;17:32:04;1;6820,0
20:32:58;17:32:24;1;6822,4
20:33:18;17:32:44;1;6820,0
20:33:38;17:33:04;1;6824,8
20:33:58;17:33:24;1;6820,0
20:34:18;17:33:44;1;6817,6
20:34:38;17:34:04;1;6815,2
20:34:58;17:34:24;1;6800,7
20:35:20;17:34:46;1;6815,2
20:35:40;17:35:06;1;6817,6
20:36:00;17:35:26;1;6815,2
20:36:20;17:35:46;1;6812,8
20:36:40;17:36:06;1;6822,4
20:37:00;17:36:26;1;6815,2
20:37:20;17:36:46;1;6807,9
20:37:40;17:37:06;1;6812,8
20:38:00;17:37:26;1;6807,9
20:38:20;17:37:46;1;6803,1
20:38:40;17:38:06;1;6820,0
20:39:00;17:38:26;1;6800,7
20:39:20;17:38:46;1;6803,1
20:39:40;17:39:06;1;6803,1
20:40:00;17:39:26;1;6803,1
20:40:20;17:39:46;1;6805,5
20:40:40;17:40:06;1;6810,3
20:41:00;17:40:26;1;6810,3
20:41:20;17:40:46;1;6730,6
20:41:40;17:41:06;1;6800,7
20:42:00;17:41:26;1;6800,7
20:42:20;17:41:46;1;6798,2
20:42:40;17:42:06;1;6800,7
20:43:00;17:42:26;1;6800,7
20:43:20;17:42:46;1;6800,7
20:43:40;17:43:06;1;6798,2
20:44:00;17:43:26;1;6800,7
20:44:20;17:43:46;1;6800,7
20:44:40;17:44:06;1;6798,2
20:45:00;17:44:26;1;6805,5
20:45:20;17:44:46;1;6800,7
20:45:40;17:45:06;1;6800,7
20:46:00;17:45:26;1;6805,5
20:46:20;17:45:46;1;6798,2
20:46:40;17:46:06;1;6800,7
20:47:00;17:46:26;1;6798,2
20:47:20;17:46:46;1;6800,7
20:47:40;17:47:06;1;6798,2
20:48:00;17:47:26;1;6795,8
20:48:20;17:47:46;1;6798,2
20:48:40;17:48:06;1;6798,2
20:49:00;17:48:26;1;6793,4
20:49:20;17:48:46;1;6795,8
20:49:40;17:49:06;1;6800,7
20:50:01;17:49:27;1;6795,8
20:50:22;17:49:48;1;6795,8
20:50:42;17:50:08;1;6795,8
20:51:02;17:50:28;1;6793,4
20:51:22;17:50:48;1;6795,8
20:51:42;17:51:08;1;6793,4
20:52:02;17:51:28;1;6795,8
20:52:22;17:51:48;1;6793,4
20:52:42;17:52:08;1;6795,8
20:53:02;17:52:28;1;6793,4
20:53:22;17:52:48;1;6793,4
20:53:42;17:53:08;1;6793,4
20:54:02;17:53:28;1;6793,4
20:54:22;17:53:48;1;6793,4
20:54:42;17:54:08;1;6788,6
20:55:02;17:54:28;1;6788,6
20:55:22;17:54:48;1;6791,0
20:55:42;17:55:08;1;6788,6
20:56:02;17:55:28;1;6793,4
20:56:22;17:55:48;1;6788,6
20:56:42;17:56:08;1;6788,6
20:57:02;17:56:28;1;6786,2
20:57:22;17:56:48;1;6786,2
20:57:42;17:57:08;1;6791,0
20:58:02;17:57:28;1;6791,0
20:58:22;17:57:48;1;6788,6
20:58:42;17:58:08;1;6791,0
20:59:02;17:58:28;1;6788,6
20:59:22;17:58:48;1;6786,2
20:59:42;17:59:08;1;6786,2
21:00:02;17:59:28;1;6786,2
21:00:22;17:59:48;1;6786,2
21:00:42;18:00:08;1;6783,7
21:01:02;18:00:28;1;6786,2
21:01:22;18:00:48;1;6786,2
21:01:42;18:01:08;1;6786,2
21:02:02;18:01:28;1;6786,2
21:02:22;18:01:48;1;6783,7
21:02:42;18:02:08;1;6786,2
21:03:02;18:02:28;1;6786,2
21:03:22;18:02:48;1;6786,2
21:03:42;18:03:08;1;6788,6
21:04:02;18:03:28;1;6783,7
21:04:22;18:03:48;1;6783,7
21:04:42;18:04:08;1;6783,7
21:05:03;18:04:29;1;6781,3
21:05:24;18:04:50;1;6783,7
21:05:44;18:05:10;1;6781,3
21:06:04;18:05:30;1;6781,3
21:06:24;18:05:50;1;6783,7
21:06:44;18:06:10;1;6778,9
21:07:04;18:06:30;1;6783,7
21:07:24;18:06:50;1;6781,3
21:07:44;18:07:10;1;6781,3
21:08:04;18:07:30;1;6783,7
21:08:24;18:07:50;1;6783,7
21:08:44;18:08:10;1;6781,3
21:09:04;18:08:30;1;6781,3
21:09:24;18:08:50;1;6778,9
21:09:44;18:09:10;1;6781,3
21:10:04;18:09:30;1;6781,3
21:10:24;18:09:50;1;6776,5
21:10:44;18:10:10;1;6781,3
21:11:04;18:10:30;1;6776,5
21:11:24;18:10:50;1;6774,1
21:11:44;18:11:10;1;6778,9
21:12:04;18:11:30;1;6774,1
21:12:24;18:11:50;1;6776,5
21:12:44;18:12:10;1;6776,5
21:13:04;18:12:30;1;6776,5
21:13:24;18:12:50;1;6776,5
21:13:44;18:13:10;1;6776,5
21:14:04;18:13:30;1;6774,1
21:14:24;18:13:50;1;6771,7
21:14:44;18:14:10;1;6776,5
21:15:04;18:14:30;1;6776,5
21:15:24;18:14:50;1;6771,7
21:15:44;18:15:10;1;6774,1
21:16:04;18:15:30;1;6778,9
21:16:24;18:15:50;1;6769,2
21:16:44;18:16:10;1;6774,1
21:17:04;18:16:30;1;6771,7
21:17:24;18:16:50;1;6771,7
21:17:44;18:17:10;1;6771,7
21:18:04;18:17:30;1;6774,1
21:18:24;18:17:50;1;6769,2
21:18:44;18:18:10;1;6766,8
21:19:04;18:18:30;1;6769,2
21:19:24;18:18:50;1;6764,4
21:19:44;18:19:10;1;6774,1
21:20:05;18:19:31;1;6762,0
21:20:26;18:19:52;1;6766,8
21:20:46;18:20:12;1;6766,8
21:21:06;18:20:32;1;6766,8
21:21:26;18:20:52;1;6766,8
21:21:46;18:21:12;1;6769,2
21:22:06;18:21:32;1;6764,4
21:22:26;18:21:52;1;6764,4
21:22:46;18:22:12;1;6766,8
21:23:06;18:22:32;1;6766,8
21:23:26;18:22:52;1;6764,4
21:23:46;18:23:12;1;6762,0
21:24:06;18:23:32;1;6762,0
21:24:26;18:23:52;1;6762,0
21:24:46;18:24:12;1;6764,4
21:25:06;18:24:32;1;6762,0
21:25:26;18:24:52;1;6762,0
21:25:46;18:25:12;1;6764,4
21:26:06;18:25:32;1;6762,0
21:26:26;18:25:52;1;6762,0
21:26:46;18:26:12;1;6762,0
21:27:06;18:26:32;1;6759,6
21:27:26;18:26:52;1;6764,4
21:27:46;18:27:12;1;6762,0
21:28:06;18:27:32;1;6762,0
21:28:26;18:27:52;1;6762,0
21:28:46;18:28:12;1;6759,6
21:29:06;18:28:32;1;6762,0
21:29:26;18:28:52;1;6762,0
21:29:46;18:29:12;1;6764,4
21:30:06;18:29:32;1;6759,6
21:30:26;18:29:52;1;6757,1
21:30:46;18:30:12;1;6757,1
21:31:06;18:30:32;1;6757,1
21:31:26;18:30:52;1;6759,6
21:31:46;18:31:12;1;6759,6
21:32:06;18:31:32;1;6757,1
21:32:26;18:31:52;1;6757,1
21:32:46;18:32:12;1;6757,1
21:33:06;18:32:32;1;6754,7
21:33:26;18:32:52;1;6754,7
21:33:46;18:33:12;1;6757,1
21:34:06;18:33:32;1;6752,3
21:34:26;18:33:52;1;6752,3
21:34:46;18:34:12;1;6757,1
21:35:07;18:34:33;1;6752,3
21:35:28;18:34:54;1;6754,7
21:35:48;18:35:14;1;6754,7
21:36:08;18:35:34;1;6754,7
21:36:28;18:35:54;1;6752,3
21:36:48;18:36:14;1;6749,9
21:37:08;18:36:34;1;6752,3
21:37:28;18:36:54;1;6752,3
21:37:48;18:37:14;1;6754,7
21:38:08;18:37:34;1;6752,3
21:38:28;18:37:54;1;6749,9
21:38:48;18:38:14;1;6752,3
21:39:08;18:38:34;1;6754,7
21:39:28;18:38:54;1;6757,1
21:39:48;18:39:14;1;6752,3
21:40:08;18:39:34;1;6752,3
21:40:28;18:39:54;1;6752,3
21:40:48;18:40:14;1;6749,9
21:41:08;18:40:34;1;6749,9
21:41:28;18:40:54;1;6747,5
21:41:48;18:41:14;1;6749,9
21:42:08;18:41:34;1;6747,5
21:42:28;18:41:54;1;6749,9
21:42:48;18:42:14;1;6747,5
21:43:08;18:42:34;1;6747,5
21:43:28;18:42:54;1;6747,5
21:43:48;18:43:14;1;6749,9
21:44:08;18:43:34;1;6747,5
21:44:28;18:43:54;1;6747,5
21:44:48;18:44:14;1;6747,5
21:45:08;18:44:34;1;6747,5
21:45:28;18:44:54;1;6749,9
21:45:48;18:45:14;1;6747,5
21:46:08;18:45:34;1;6745,1
21:46:28;18:45:54;1;6747,5
21:46:48;18:46:14;1;6745,1
21:47:08;18:46:34;1;6747,5
21:47:28;18:46:54;1;6747,5
21:47:48;18:47:14;1;6742,6
21:48:08;18:47:34;1;6742,6
21:48:28;18:47:54;1;6745,1
21:48:48;18:48:14;1;6745,1
21:49:08;18:48:34;1;6747,5
21:49:28;18:48:54;1;6740,2
21:49:48;18:49:14;1;6742,6
21:50:09;18:49:35;1;6740,2
21:50:30;18:49:56;1;6745,1
21:50:50;18:50:16;1;6745,1
21:51:10;18:50:36;1;6745,1
21:51:30;18:50:56;1;6740,2
21:51:50;18:51:16;1;6742,6
21:52:10;18:51:36;1;6742,6
21:52:30;18:51:56;1;6740,2
21:52:50;18:52:16;1;6742,6
21:53:10;18:52:36;1;6742,6
21:53:30;18:52:56;1;6740,2
21:53:50;18:53:16;1;6742,6
21:54:10;18:53:36;1;6737,8
21:54:30;18:53:56;1;6737,8
21:54:50;18:54:16;1;6740,2
21:55:10;18:54:36;1;6737,8
21:55:30;18:54:56;1;6740,2
21:55:50;18:55:16;1;6740,2
21:56:10;18:55:36;1;6740,2
21:56:30;18:55:56;1;6737,8
21:56:50;18:56:16;1;6740,2
21:57:10;18:56:36;1;6737,8
21:57:30;18:56:56;1;6737,8
21:57:50;18:57:16;1;6737,8
21:58:10;18:57:36;1;6737,8
21:58:30;18:57:56;1;6735,4
21:58:50;18:58:16;1;6737,8
21:59:10;18:58:36;1;6735,4
21:59:30;18:58:56;1;6737,8
21:59:50;18:59:16;1;6735,4
22:00:10;18:59:36;1;6737,8
22:00:30;18:59:56;1;6733,0
22:00:50;19:00:16;1;6735,4
22:01:10;19:00:36;1;6735,4
22:01:30;19:00:56;1;6737,8
22:01:50;19:01:16;1;6733,0
22:02:10;19:01:36;1;6735,4
22:02:30;19:01:56;1;6733,0
22:02:50;19:02:16;1;6737,8
22:03:10;19:02:36;1;6730,6
22:03:30;19:02:56;1;6730,6
22:03:50;19:03:16;1;6733,0
22:04:10;19:03:36;1;6735,4
22:04:30;19:03:56;1;6733,0
22:04:50;19:04:16;1;6730,6
22:05:11;19:04:37;1;6723,3
22:05:32;19:04:58;1;6725,7
22:05:52;19:05:18;1;6723,3
22:06:12;19:05:38;1;6728,1
22:06:32;19:05:58;1;6725,7
22:06:52;19:06:18;1;6725,7
22:07:12;19:06:38;1;6723,3
22:07:32;19:06:58;1;6723,3
22:07:52;19:07:18;1;6725,7
22:08:12;19:07:38;1;6728,1
22:08:32;19:07:58;1;6723,3
22:08:52;19:08:18;1;6733,0
22:09:12;19:08:38;1;6725,7
22:09:32;19:08:58;1;6728,1
22:09:52;19:09:18;1;6723,3
22:10:12;19:09:38;1;6723,3
22:10:32;19:09:58;1;6725,7
22:10:52;19:10:18;1;6723,3
22:11:12;19:10:38;1;6730,6
22:11:32;19:10:58;1;6720,9
22:11:52;19:11:18;1;6723,3
22:12:12;19:11:38;1;6723,3
22:12:32;19:11:58;1;6720,9
22:12:52;19:12:18;1;6723,3
22:13:12;19:12:38;1;6720,9
22:13:32;19:12:58;1;6718,5
22:13:52;19:13:18;1;6720,9
22:14:12;19:13:38;1;6723,3
22:14:32;19:13:58;1;6718,5
22:14:52;19:14:18;1;6718,5
22:15:12;19:14:38;1;6718,5
22:15:32;19:14:58;1;6716,0
22:15:52;19:15:18;1;6718,5
22:16:12;19:15:38;1;6718,5
22:16:32;19:15:58;1;6718,5
22:16:52;19:16:18;1;6716,0
22:17:12;19:16:38;1;6718,5
22:17:32;19:16:58;1;6718,5
22:17:52;19:17:18;1;6716,0
22:18:12;19:17:38;1;6713,6
22:18:32;19:17:58;1;6716,0
22:18:52;19:18:18;1;6716,0
22:19:12;19:18:38;1;6716,0
22:19:32;19:18:58;1;6716,0
22:19:52;19:19:18;1;6716,0
22:20:13;19:19:39;1;6711,2
22:20:34;19:20:00;1;6711,2
22:20:54;19:20:20;1;6713,6
22:21:14;19:20:40;1;6713,6
22:21:34;19:21:00;1;6711,2
22:21:54;19:21:20;1;6713,6
22:22:14;19:21:40;1;6713,6
22:22:34;19:22:00;1;6708,8
22:22:54;19:22:20;1;6711,2
22:23:14;19:22:40;1;6713,6
22:23:34;19:23:00;1;6706,4
22:23:54;19:23:20;1;6706,4
22:24:14;19:23:40;1;6711,2
22:24:34;19:24:00;1;6711,2
22:24:54;19:24:20;1;6708,8
22:25:14;19:24:40;1;6706,4
22:25:34;19:25:00;1;6711,2
22:25:54;19:25:20;1;6708,8
22:26:14;19:25:40;1;6708,8
22:26:34;19:26:00;1;6708,8
22:26:54;19:26:20;1;6708,8
22:27:14;19:26:40;1;6706,4
22:27:34;19:27:00;1;6708,8
22:27:54;19:27:20;1;6708,8
22:28:14;19:27:40;1;6706,4
22:28:34;19:28:00;1;6706,4
22:28:54;19:28:20;1;6706,4
22:29:14;19:28:40;1;6704,0
22:29:34;19:29:00;1;6704,0
22:29:54;19:29:20;1;6706,4
22:30:14;19:29:40;1;6704,0
22:30:34;19:30:00;1;6704,0
22:30:54;19:30:20;1;6706,4
22:31:14;19:30:40;1;6699,1
22:31:34;19:31:00;1;6704,0
22:31:54;19:31:20;1;6701,5
22:32:14;19:31:40;1;6704,0
22:32:34;19:32:00;1;6699,1
22:32:54;19:32:20;1;6704,0
22:33:14;19:32:40;1;6699,1
22:33:34;19:33:00;1;6701,5
22:33:54;19:33:20;1;6701,5
22:34:14;19:33:40;1;6701,5
22:34:34;19:34:00;1;6699,1
22:34:54;19:34:20;1;6699,1
22:35:15;19:34:41;1;6699,1
22:35:36;19:35:02;1;6699,1
22:35:56;19:35:22;1;6699,1
22:36:16;19:35:42;1;6699,1
22:36:36;19:36:02;1;6699,1
22:36:56;19:36:22;1;6694,3
22:37:16;19:36:42;1;6699,1
22:37:36;19:37:02;1;6699,1
22:37:56;19:37:22;1;6699,1
22:38:16;19:37:42;1;6696,7
22:38:36;19:38:02;1;6699,1
22:38:56;19:38:22;1;6694,3
22:39:16;19:38:42;1;6699,1
22:39:36;19:39:02;1;6699,1
22:39:56;19:39:22;1;6696,7
22:40:16;19:39:42;1;6699,1
22:40:36;19:40:02;1;6696,7
22:40:56;19:40:22;1;6699,1
22:41:16;19:40:42;1;6684,6
22:41:36;19:41:02;1;6694,3
22:41:56;19:41:22;1;6689,5
22:42:16;19:41:42;1;6694,3
22:42:36;19:42:02;1;6691,9
22:42:56;19:42:22;1;6687,0
22:43:16;19:42:42;1;6687,0
22:43:36;19:43:02;1;6689,5
22:43:56;19:43:22;1;6689,5
22:44:16;19:43:42;1;6691,9
22:44:36;19:44:02;1;6691,9
22:44:56;19:44:22;1;6689,5
22:45:16;19:44:42;1;6684,6
22:45:36;19:45:02;1;6687,0
22:45:56;19:45:22;1;6687,0
22:46:16;19:45:42;1;6684,6
22:46:36;19:46:02;1;6684,6
22:46:56;19:46:22;1;6684,6
22:47:16;19:46:42;1;6689,5
22:47:36;19:47:02;1;6684,6
22:47:56;19:47:22;1;6684,6
22:48:16;19:47:42;1;6682,2
22:48:36;19:48:02;1;6684,6
22:48:56;19:48:22;1;6682,2
22:49:16;19:48:42;1;6682,2
22:49:36;19:49:02;1;6679,8
22:49:56;19:49:22;1;6679,8
22:50:17;19:49:43;1;6674,9
22:50:38;19:50:04;1;6679,8
22:50:58;19:50:24;1;6679,8
22:51:18;19:50:44;1;6677,4
22:51:38;19:51:04;1;6674,9
22:51:58;19:51:24;1;6674,9
22:52:18;19:51:44;1;6677,4
22:52:38;19:52:04;1;6674,9
22:52:58;19:52:24;1;6674,9
22:53:18;19:52:44;1;6677,4
22:53:38;19:53:04;1;6674,9
22:53:58;19:53:24;1;6674,9
22:54:18;19:53:44;1;6674,9
22:54:38;19:54:04;1;6674,9
22:54:58;19:54:24;1;6677,4
22:55:18;19:54:44;1;6674,9
22:55:38;19:55:04;1;6674,9
22:55:58;19:55:24;1;6674,9
22:56:19;19:55:45;1;6597,6
22:56:39;19:56:05;1;6672,5
22:56:59;19:56:25;1;6670,1
22:57:19;19:56:45;1;6670,1
22:57:39;19:57:05;1;6672,5
22:57:59;19:57:25;1;6672,5
22:58:19;19:57:45;1;6672,5
22:58:39;19:58:05;1;6672,5
22:58:59;19:58:25;1;6670,1
22:59:19;19:58:45;1;6672,5
22:59:39;19:59:05;1;6670,1
22:59:59;19:59:25;1;6670,1
23:00:19;19:59:45;1;6670,1
23:00:39;20:00:05;1;6670,1
23:00:59;20:00:25;1;6667,7
23:01:19;20:00:45;1;6670,1
23:01:39;20:01:05;1;6670,1
23:01:59;20:01:25;1;6667,7
23:02:19;20:01:45;1;6667,7
23:02:39;20:02:05;1;6670,1
23:02:59;20:02:25;1;6665,3
23:03:19;20:02:45;1;6667,7
23:03:39;20:03:05;1;6667,7
23:03:59;20:03:25;1;6667,7
23:04:19;20:03:45;1;6667,7
23:04:39;20:04:05;1;6662,9
23:04:59;20:04:25;1;6667,7
23:05:19;20:04:45;1;6658,0
23:05:40;20:05:06;1;6665,3
23:06:00;20:05:26;1;6653,2
23:06:20;20:05:46;1;6665,3
23:06:40;20:06:06;1;6662,9
23:07:00;20:06:26;1;6658,0
23:07:20;20:06:46;1;6660,4
23:07:40;20:07:06;1;6660,4
23:08:00;20:07:26;1;6660,4
23:08:20;20:07:46;1;6648,4
23:08:40;20:08:06;1;6648,4
23:09:00;20:08:26;1;6648,4
23:09:20;20:08:46;1;6650,8
23:09:40;20:09:06;1;6650,8
23:10:00;20:09:26;1;6645,9
23:10:20;20:09:46;1;6648,4
23:10:40;20:10:06;1;6648,4
23:11:00;20:10:26;1;6645,9
23:11:20;20:10:46;1;6645,9
23:11:40;20:11:06;1;6643,5
23:12:00;20:11:26;1;6645,9
23:12:20;20:11:46;1;6643,5
23:12:40;20:12:06;1;6643,5
23:13:00;20:12:26;1;6645,9
23:13:20;20:12:46;1;6653,2
23:13:40;20:13:06;1;6645,9
23:14:00;20:13:26;1;6648,4
23:14:20;20:13:46;1;6643,5
23:14:40;20:14:06;1;6643,5
23:15:00;20:14:26;1;6641,1
23:15:20;20:14:46;1;6643,5
23:15:40;20:15:06;1;6643,5
23:16:00;20:15:26;1;6645,9
23:16:21;20:15:47;1;6583,1
23:16:41;20:16:07;1;6641,1
23:17:01;20:16:27;1;6641,1
23:17:21;20:16:47;1;6643,5
23:17:41;20:17:07;1;6641,1
23:18:01;20:17:27;1;6643,5
23:18:21;20:17:47;1;6638,7
23:18:41;20:18:07;1;6638,7
23:19:01;20:18:27;1;6636,3
23:19:21;20:18:47;1;6641,1
23:19:41;20:19:07;1;6636,3
23:20:01;20:19:27;1;6636,3
23:20:21;20:19:47;1;6633,9
23:20:42;20:20:08;1;6633,9
23:21:02;20:20:28;1;6636,3
23:21:22;20:20:48;1;6633,9
23:21:42;20:21:08;1;6636,3
23:22:02;20:21:28;1;6636,3
23:22:22;20:21:48;1;6633,9
23:22:42;20:22:08;1;6633,9
23:23:02;20:22:28;1;6636,3
23:23:22;20:22:48;1;6636,3
23:23:42;20:23:08;1;6633,9
23:24:02;20:23:28;1;6633,9
23:24:22;20:23:48;1;6631,4
23:24:42;20:24:08;1;6631,4
23:25:02;20:24:28;1;6633,9
23:25:22;20:24:48;1;6631,4
23:25:42;20:25:08;1;6629,0
23:26:02;20:25:28;1;6631,4
23:26:22;20:25:48;1;6631,4
23:26:42;20:26:08;1;6633,9
23:27:02;20:26:28;1;6629,0
23:27:22;20:26:48;1;6631,4
23:27:42;20:27:08;1;6631,4
23:28:02;20:27:28;1;6629,0
23:28:22;20:27:48;1;6626,6
23:28:42;20:28:08;1;6629,0
23:29:02;20:28:28;1;6626,6
23:29:22;20:28:48;1;6626,6
23:29:42;20:29:08;1;6629,0
23:30:03;20:29:29;1;6525,1
23:30:23;20:29:49;1;6626,6
23:30:43;20:30:09;1;6626,6
23:31:03;20:30:29;1;6624,2
23:31:23;20:30:49;1;6624,2
23:31:43;20:31:09;1;6624,2
23:32:03;20:31:29;1;6626,6
23:32:23;20:31:49;1;6626,6
23:32:43;20:32:09;1;6619,3
23:33:03;20:32:29;1;6621,8
23:33:23;20:32:49;1;6621,8
23:33:43;20:33:09;1;6621,8
23:34:03;20:33:29;1;6619,3
23:34:23;20:33:49;1;6621,8
23:34:43;20:34:09;1;6624,2
23:35:03;20:34:29;1;6621,8
23:35:23;20:34:49;1;6621,8
23:35:44;20:35:10;1;6619,3
23:36:04;20:35:30;1;6616,9
23:36:24;20:35:50;1;6619,3
23:36:44;20:36:10;1;6619,3
23:37:04;20:36:30;1;6616,9
23:37:24;20:36:50;1;6614,5
23:37:44;20:37:10;1;6619,3
23:38:04;20:37:30;1;6616,9
23:38:24;20:37:50;1;6621,8
23:38:44;20:38:10;1;6614,5
23:39:04;20:38:30;1;6609,7
23:39:24;20:38:50;1;6612,1
23:39:44;20:39:10;1;6609,7
23:40:04;20:39:30;1;6607,3
23:40:24;20:39:50;1;6607,3
23:40:44;20:40:10;1;6607,3
23:41:04;20:40:30;1;6607,3
23:41:24;20:40:50;1;6609,7
23:41:44;20:41:10;1;6607,3
23:42:04;20:41:30;1;6609,7
23:42:24;20:41:50;1;6607,3
23:42:44;20:42:10;1;6607,3
23:43:04;20:42:30;1;6604,8
23:43:24;20:42:50;1;6607,3
23:43:44;20:43:10;1;6604,8
23:44:04;20:43:30;1;6604,8
23:44:24;20:43:50;1;6604,8
23:44:44;20:44:10;1;6604,8
23:45:04;20:44:30;1;6604,8
23:45:24;20:44:50;1;6604,8
23:45:44;20:45:10;1;6604,8
23:46:04;20:45:30;1;6604,8
23:46:24;20:45:50;1;6602,4
23:46:44;20:46:10;1;6602,4
23:47:04;20:46:30;1;6602,4
23:47:24;20:46:50;1;6602,4
23:47:44;20:47:10;1;6600,0
23:48:04;20:47:30;1;6602,4
23:48:24;20:47:50;1;6597,6
23:48:44;20:48:10;1;6602,4
23:49:04;20:48:30;1;6597,6
23:49:24;20:48:50;1;6600,0
23:49:44;20:49:10;1;6597,6
23:50:04;20:49:30;1;6600,0
23:50:25;20:49:51;1;6597,6
23:50:46;20:50:12;1;6600,0
23:51:06;20:50:32;1;6600,0
23:51:26;20:50:52;1;6522,6
23:51:46;20:51:12;1;6600,0
23:52:06;20:51:32;1;6597,6
23:52:26;20:51:52;1;6597,6
23:52:46;20:52:12;1;6602,4
23:53:06;20:52:32;1;6600,0
23:53:27;20:52:53;1;6592,8
23:53:47;20:53:13;1;6595,2
23:54:07;20:53:33;1;6600,0
23:54:27;20:53:53;1;6592,8
23:54:47;20:54:13;1;6597,6
23:55:07;20:54:33;1;6595,2
23:55:27;20:54:53;1;6595,2
23:55:47;20:55:13;1;6597,6
23:56:07;20:55:33;1;6595,2
23:56:27;20:55:53;1;6597,6
23:56:47;20:56:13;1;6592,8
23:57:07;20:56:33;1;6592,8
23:57:27;20:56:53;1;6592,8
23:57:47;20:57:13;1;6590,3
23:58:07;20:57:33;1;6592,8
23:58:27;20:57:53;1;6592,8
23:58:47;20:58:13;1;6592,8
23:59:07;20:58:33;1;6590,3
23:59:27;20:58:53;1;6590,3
23:59:47;20:59:13;1;6590,3
24:00:07;20:59:33;1;6587,9
24:00:27;20:59:53;1;6587,9
24:00:47;21:00:13;1;6585,5
24:01:07;21:00:33;1;6585,5
24:01:27;21:00:53;1;6587,9
24:01:47;21:01:13;1;6585,5
24:02:07;21:01:33;1;6583,1
24:02:27;21:01:53;1;6585,5
24:02:47;21:02:13;1;6587,9
24:03:07;21:02:33;1;6590,3
24:03:27;21:02:53;1;6583,1
24:03:47;21:03:13;1;6587,9
24:04:07;21:03:33;1;6585,5
24:04:27;21:03:53;1;6583,1
24:04:47;21:04:13;1;6585,5
24:05:07;21:04:33;1;6585,5
24:05:27;21:04:53;1;6575,8
24:05:48;21:05:14;1;6575,8
24:06:08;21:05:34;1;6583,1
24:06:28;21:05:54;1;6583,1
24:06:48;21:06:14;1;6578,2
24:07:08;21:06:34;1;6578,2
24:07:28;21:06:54;1;6578,2
24:07:48;21:07:14;1;6583,1
24:08:08;21:07:34;1;6580,7
24:08:28;21:07:54;1;6580,7
24:08:48;21:08:14;1;6580,7
24:09:08;21:08:34;1;6575,8
24:09:28;21:08:54;1;6575,8
24:09:48;21:09:14;1;6573,4
24:10:08;21:09:34;1;6573,4
24:10:28;21:09:54;1;6575,8
24:10:48;21:10:14;1;6573,4
24:11:08;21:10:34;1;6573,4
24:11:28;21:10:54;1;6571,0
24:11:48;21:11:14;1;6571,0
24:12:08;21:11:34;1;6568,6
24:12:28;21:11:54;1;6578,2
24:12:48;21:12:14;1;6571,0
24:13:08;21:12:34;1;6571,0
24:13:28;21:12:54;1;6573,4
24:13:48;21:13:14;1;6571,0
24:14:08;21:13:34;1;6571,0
24:14:28;21:13:54;1;6568,6
24:14:48;21:14:14;1;6568,6
24:15:08;21:14:34;1;6571,0
24:15:28;21:14:54;1;6566,2
24:15:48;21:15:14;1;6563,7
24:16:08;21:15:34;1;6568,6
24:16:28;21:15:54;1;6566,2
24:16:48;21:16:14;1;6568,6
24:17:08;21:16:34;1;6566,2
24:17:28;21:16:54;1;6566,2
24:17:48;21:17:14;1;6568,6
24:18:08;21:17:34;1;6566,2
24:18:28;21:17:54;1;6563,7
24:18:48;21:18:14;1;6563,7
24:19:08;21:18:34;1;6563,7
24:19:28;21:18:54;1;6563,7
24:19:48;21:19:14;1;6563,7
24:20:08;21:19:34;1;6563,7
24:20:29;21:19:55;1;6561,3
24:20:50;21:20:16;1;6561,3
24:21:10;21:20:36;1;6563,7
24:21:30;21:20:56;1;6563,7
24:21:50;21:21:16;1;6563,7
24:22:10;21:21:36;1;6563,7
24:22:30;21:21:56;1;6558,9
24:22:50;21:22:16;1;6561,3
24:23:10;21:22:36;1;6563,7
24:23:30;21:22:56;1;6561,3
24:23:50;21:23:16;1;6563,7
24:24:10;21:23:36;1;6563,7
24:24:30;21:23:56;1;6563,7
24:24:50;21:24:16;1;6561,3
24:25:10;21:24:36;1;6561,3
24:25:30;21:24:56;1;6561,3
24:25:50;21:25:16;1;6558,9
24:26:10;21:25:36;1;6558,9
24:26:30;21:25:56;1;6556,5
24:26:50;21:26:16;1;6558,9
24:27:10;21:26:36;1;6556,5
24:27:30;21:26:56;1;6556,5
24:27:50;21:27:16;1;6561,3
24:28:10;21:27:36;1;6556,5
24:28:30;21:27:56;1;6558,9
24:28:50;21:28:16;1;6558,9
24:29:10;21:28:36;1;6556,5
24:29:30;21:28:56;1;6556,5
24:29:50;21:29:16;1;6558,9
24:30:10;21:29:36;1;6558,9
24:30:30;21:29:56;1;6556,5
24:30:50;21:30:16;1;6556,5
24:31:10;21:30:36;1;6556,5
24:31:30;21:30:56;1;6554,1
24:31:50;21:31:16;1;6556,5
24:32:10;21:31:36;1;6554,1
24:32:30;21:31:56;1;6554,1
24:32:50;21:32:16;1;6554,1
24:33:10;21:32:36;1;6554,1
24:33:30;21:32:56;1;6551,7
24:33:50;21:33:16;1;6554,1
24:34:10;21:33:36;1;6554,1
24:34:30;21:33:56;1;6554,1
24:34:50;21:34:16;1;6551,7
24:35:10;21:34:36;1;6556,5
24:35:31;21:34:57;1;6549,2
24:35:52;21:35:18;1;6549,2
24:36:12;21:35:38;1;6554,1
24:36:32;21:35:58;1;6554,1
24:36:52;21:36:18;1;6549,2
24:37:12;21:36:38;1;6551,7
24:37:32;21:36:58;1;6554,1
24:37:52;21:37:18;1;6551,7
24:38:12;21:37:38;1;6554,1
24:38:32;21:37:58;1;6549,2
24:38:52;21:38:18;1;6546,8
24:39:12;21:38:38;1;6551,7
24:39:32;21:38:58;1;6549,2
24:39:52;21:39:18;1;6549,2
24:40:12;21:39:38;1;6551,7
24:40:32;21:39:58;1;6549,2
24:40:52;21:40:18;1;6546,8
24:41:12;21:40:38;1;6549,2
24:41:32;21:40:58;1;6549,2
24:41:52;21:41:18;1;6549,2
24:42:12;21:41:38;1;6549,2
24:42:32;21:41:58;1;6549,2
24:42:52;21:42:18;1;6546,8
24:43:12;21:42:38;1;6549,2
24:43:32;21:42:58;1;6546,8
24:43:52;21:43:18;1;6546,8
24:44:12;21:43:38;1;6551,7
24:44:32;21:43:58;1;6549,2
24:44:52;21:44:18;1;6546,8
24:45:12;21:44:38;1;6546,8
24:45:32;21:44:58;1;6546,8
24:45:52;21:45:18;1;6546,8
24:46:12;21:45:38;1;6544,4
24:46:32;21:45:58;1;6546,8
24:46:52;21:46:18;1;6544,4
24:47:12;21:46:38;1;6544,4
24:47:32;21:46:58;1;6544,4
24:47:52;21:47:18;1;6544,4
24:48:12;21:47:38;1;6546,8
24:48:33;21:47:59;1;6544,4
24:48:53;21:48:19;1;6542,0
24:49:13;21:48:39;1;6542,0
24:49:33;21:48:59;1;6544,4
24:49:53;21:49:19;1;6544,4
24:50:13;21:49:39;1;6544,4
24:50:33;21:49:59;1;6537,1
24:50:54;21:50:20;1;6542,0
24:51:14;21:50:40;1;6539,6
24:51:34;21:51:00;1;6542,0
24:51:54;21:51:20;1;6539,6
24:52:14;21:51:40;1;6544,4
24:52:34;21:52:00;1;6542,0
24:52:54;21:52:20;1;6544,4
24:53:14;21:52:40;1;6542,0
24:53:34;21:53:00;1;6539,6
24:53:54;21:53:20;1;6544,4
24:54:14;21:53:40;1;6542,0
24:54:34;21:54:00;1;6534,7
24:54:54;21:54:20;1;6542,0
24:55:14;21:54:40;1;6537,1
24:55:34;21:55:00;1;6534,7
24:55:54;21:55:20;1;6537,1
24:56:14;21:55:40;1;6544,4
24:56:34;21:56:00;1;6534,7
24:56:54;21:56:20;1;6539,6
24:57:14;21:56:40;1;6537,1
24:57:34;21:57:00;1;6532,3
24:57:54;21:57:20;1;6537,1
24:58:14;21:57:40;1;6534,7
24:58:34;21:58:00;1;6534,7
24:58:54;21:58:20;1;6532,3
24:59:14;21:58:40;1;6532,3
24:59:35;21:59:01;1;6529,9
24:59:55;21:59:21;1;6532,3
25:00:15;21:59:41;1;6532,3
25:00:35;22:00:01;1;6529,9
25:00:55;22:00:21;1;6529,9
25:01:15;22:00:41;1;6529,9
25:01:35;22:01:01;1;6529,9
25:01:55;22:01:21;1;6529,9
25:02:15;22:01:41;1;6532,3
25:02:35;22:02:01;1;6525,1
25:02:55;22:02:21;1;6525,1
25:03:15;22:02:41;1;6529,9
25:03:35;22:03:01;1;6532,3
25:03:55;22:03:21;1;6525,1
25:04:15;22:03:41;1;6527,5
25:04:35;22:04:01;1;6527,5
25:04:55;22:04:21;1;6525,1
25:05:15;22:04:41;1;6522,6
25:05:35;22:05:01;1;6522,6
25:05:56;22:05:22;1;6525,1
25:06:16;22:05:42;1;6525,1
25:06:36;22:06:02;1;6520,2
25:06:56;22:06:22;1;6525,1
25:07:16;22:06:42;1;6525,1
25:07:36;22:07:02;1;6525,1
25:07:56;22:07:22;1;6522,6
25:08:16;22:07:42;1;6525,1
25:08:36;22:08:02;1;6527,5
25:08:56;22:08:22;1;6522,6
25:09:16;22:08:42;1;6522,6
25:09:36;22:09:02;1;6525,1
25:09:56;22:09:22;1;6522,6
25:10:16;22:09:42;1;6525,1
25:10:36;22:10:02;1;6525,1
25:10:56;22:10:22;1;6522,6
25:11:16;22:10:42;1;6522,6
25:11:36;22:11:02;1;6520,2
25:11:56;22:11:22;1;6520,2
25:12:16;22:11:42;1;6520,2
25:12:36;22:12:02;1;6525,1
25:12:56;22:12:22;1;6520,2
25:13:17;22:12:43;1;6520,2
25:13:37;22:13:03;1;6520,2
25:13:57;22:13:23;1;6517,8
25:14:17;22:13:43;1;6520,2
25:14:37;22:14:03;1;6522,6
25:14:57;22:14:23;1;6522,6
25:15:17;22:14:43;1;6522,6
25:15:37;22:15:03;1;6517,8
25:15:57;22:15:23;1;6520,2
25:16:17;22:15:43;1;6517,8
25:16:37;22:16:03;1;6517,8
25:16:57;22:16:23;1;6517,8
25:17:17;22:16:43;1;6517,8
25:17:37;22:17:03;1;6520,2
25:17:57;22:17:23;1;6517,8
25:18:17;22:17:43;1;6517,8
25:18:37;22:18:03;1;6517,8
25:18:57;22:18:23;1;6515,4
25:19:17;22:18:43;1;6515,4
25:19:37;22:19:03;1;6515,4
25:19:57;22:19:23;1;6515,4
25:20:17;22:19:43;1;6515,4
25:20:37;22:20:03;1;6513,0
25:20:58;22:20:24;1;6515,4
25:21:18;22:20:44;1;6515,4
25:21:38;22:21:04;1;6510,6
25:21:58;22:21:24;1;6513,0
25:22:18;22:21:44;1;6513,0
25:22:38;22:22:04;1;6515,4
25:22:58;22:22:24;1;6515,4
25:23:19;22:22:45;1;6513,0
25:23:39;22:23:05;1;6510,6
25:23:59;22:23:25;1;6508,1
25:24:19;22:23:45;1;6517,8
25:24:39;22:24:05;1;6513,0
25:24:59;22:24:25;1;6505,7
25:25:19;22:24:45;1;6513,0
25:25:39;22:25:05;1;6508,1
25:25:59;22:25:25;1;6503,3
25:26:19;22:25:45;1;6513,0
25:26:39;22:26:05;1;6503,3
25:26:59;22:26:25;1;6505,7
25:27:19;22:26:45;1;6498,5
25:27:39;22:27:05;1;6505,7
25:27:59;22:27:25;1;6500,9
25:28:19;22:27:45;1;6505,7
25:28:39;22:28:05;1;6500,9
25:28:59;22:28:25;1;6498,5
25:29:19;22:28:45;1;6498,5
25:29:39;22:29:05;1;6500,9
25:29:59;22:29:25;1;6496,0
25:30:19;22:29:45;1;6503,3
25:30:39;22:30:05;1;6498,5
25:30:59;22:30:25;1;6498,5
25:31:19;22:30:45;1;6498,5
25:31:39;22:31:05;1;6491,2
25:31:59;22:31:25;1;6496,0
25:32:19;22:31:45;1;6493,6
25:32:39;22:32:05;1;6491,2
25:32:59;22:32:25;1;6486,4
25:33:19;22:32:45;1;6488,8
25:33:39;22:33:05;1;6491,2
25:33:59;22:33:25;1;6491,2
25:34:19;22:33:45;1;6488,8
25:34:39;22:34:05;1;6486,4
25:34:59;22:34:25;1;6488,8
25:35:19;22:34:45;1;6486,4
25:35:39;22:35:05;1;6486,4
25:36:00;22:35:26;1;6491,2
25:36:20;22:35:46;1;6486,4
25:36:40;22:36:06;1;6486,4
25:37:00;22:36:26;1;6484,0
25:37:20;22:36:46;1;6486,4
25:37:40;22:37:06;1;6486,4
25:38:01;22:37:27;1;6484,0
25:38:21;22:37:47;1;6486,4
25:38:41;22:38:07;1;6486,4
25:39:01;22:38:27;1;6481,5
25:39:21;22:38:47;1;6486,4
25:39:41;22:39:07;1;6486,4
25:40:01;22:39:27;1;6484,0
25:40:21;22:39:47;1;6484,0
25:40:41;22:40:07;1;6481,5
25:41:01;22:40:27;1;6481,5
25:41:21;22:40:47;1;6479,1
25:41:41;22:41:07;1;6479,1
25:42:01;22:41:27;1;6479,1
25:42:21;22:41:47;1;6481,5
25:42:41;22:42:07;1;6479,1
25:43:01;22:42:27;1;6481,5
25:43:21;22:42:47;1;6479,1
25:43:41;22:43:07;1;6476,7
25:44:01;22:43:27;1;6476,7
25:44:21;22:43:47;1;6476,7
25:44:41;22:44:07;1;6476,7
25:45:01;22:44:27;1;6474,3
25:45:21;22:44:47;1;6476,7
25:45:41;22:45:07;1;6471,9
25:46:01;22:45:27;1;6471,9
25:46:21;22:45:47;1;6471,9
25:46:41;22:46:07;1;6471,9
25:47:01;22:46:27;1;6469,5
25:47:21;22:46:47;1;6469,5
25:47:41;22:47:07;1;6471,9
25:48:01;22:47:27;1;6469,5
25:48:21;22:47:47;1;6469,5
25:48:41;22:48:07;1;6471,9
25:49:01;22:48:27;1;6467,0
25:49:21;22:48:47;1;6459,8
25:49:41;22:49:07;1;6467,0
25:50:01;22:49:27;1;6464,6
25:50:21;22:49:47;1;6467,0
25:50:41;22:50:07;1;6457,4
25:51:03;22:50:29;1;6464,6
25:51:23;22:50:49;1;6454,9
25:51:43;22:51:09;1;6459,8
25:52:03;22:51:29;1;6459,8
25:52:23;22:51:49;1;6452,5
25:52:43;22:52:09;1;6457,4
25:53:03;22:52:29;1;6454,9
25:53:23;22:52:49;1;6457,4
25:53:43;22:53:09;1;6452,5
25:54:03;22:53:29;1;6452,5
25:54:23;22:53:49;1;6452,5
25:54:43;22:54:09;1;6450,1
25:55:03;22:54:29;1;6452,5
25:55:23;22:54:49;1;6447,7
25:55:43;22:55:09;1;6447,7
25:56:03;22:55:29;1;6447,7
25:56:23;22:55:49;1;6445,3
25:56:43;22:56:09;1;6442,9
25:57:03;22:56:29;1;6442,9
25:57:23;22:56:49;1;6445,3
25:57:43;22:57:09;1;6442,9
25:58:03;22:57:29;1;6442,9
25:58:23;22:57:49;1;6440,4
25:58:43;22:58:09;1;6440,4
25:59:03;22:58:29;1;6440,4
25:59:23;22:58:49;1;6438,0
25:59:43;22:59:09;1;6435,6
26:00:03;22:59:29;1;6435,6
26:00:23;22:59:49;1;6433,2
26:00:43;23:00:09;1;6435,6
26:01:03;23:00:29;1;6433,2
26:01:23;23:00:49;1;6430,8
26:01:43;23:01:09;1;6428,4
26:02:03;23:01:29;1;6428,4
26:02:23;23:01:49;1;6428,4
26:02:43;23:02:09;1;6428,4
26:03:03;23:02:29;1;6425,9
26:03:23;23:02:49;1;6425,9
26:03:43;23:03:09;1;6425,9
26:04:03;23:03:29;1;6423,5
26:04:23;23:03:49;1;6418,7
26:04:43;23:04:09;1;6421,1
26:05:03;23:04:29;1;6413,9
26:05:23;23:04:49;1;6413,9
26:05:43;23:05:09;1;6409,0
26:06:05;23:05:31;1;6413,9
26:06:25;23:05:51;1;6406,6
26:06:45;23:06:11;1;6411,4
26:07:05;23:06:31;1;6409,0
26:07:25;23:06:51;1;6411,4
26:07:45;23:07:11;1;6406,6
26:08:05;23:07:31;1;6401,8
26:08:25;23:07:51;1;6406,6
26:08:45;23:08:11;1;6401,8
26:09:05;23:08:31;1;6401,8
26:09:25;23:08:51;1;6401,8
26:09:45;23:09:11;1;6399,3
26:10:05;23:09:31;1;6396,9
26:10:25;23:09:51;1;6396,9
26:10:45;23:10:11;1;6394,5
26:11:05;23:10:31;1;6392,1
26:11:25;23:10:51;1;6392,1
26:11:45;23:11:11;1;6389,7
26:12:05;23:11:31;1;6389,7
26:12:25;23:11:51;1;6389,7
26:12:45;23:12:11;1;6387,3
26:13:05;23:12:31;1;6387,3
26:13:25;23:12:51;1;6387,3
26:13:45;23:13:11;1;6387,3
26:14:05;23:13:31;1;6377,6
26:14:25;23:13:51;1;6377,6
26:14:45;23:14:11;1;6375,2
26:15:05;23:14:31;1;6375,2
26:15:25;23:14:51;1;6370,3
26:15:45;23:15:11;1;6372,8
26:16:05;23:15:31;1;6367,9
26:16:25;23:15:51;1;6370,3
26:16:45;23:16:11;1;6367,9
26:17:05;23:16:31;1;6365,5
26:17:25;23:16:51;1;6365,5
26:17:45;23:17:11;1;6363,1
26:18:05;23:17:31;1;6358,2
26:18:25;23:17:51;1;6358,2
26:18:45;23:18:11;1;6360,7
26:19:05;23:18:31;1;6360,7
26:19:25;23:18:51;1;6355,8
26:19:45;23:19:11;1;6353,4
26:20:05;23:19:31;1;6348,6
26:20:25;23:19:51;1;6348,6
26:20:45;23:20:11;1;6338,9
26:21:07;23:20:33;1;6336,5
26:21:27;23:20:53;1;6336,5
26:21:47;23:21:13;1;6331,7
26:22:07;23:21:33;1;6331,7
26:22:27;23:21:53;1;6331,7
26:22:47;23:22:13;1;6329,2
26:23:07;23:22:33;1;6331,7
26:23:27;23:22:53;1;6329,2
26:23:47;23:23:13;1;6326,8
26:24:07;23:23:33;1;6324,4
26:24:27;23:23:53;1;6322,0
26:24:47;23:24:13;1;6322,0
26:25:07;23:24:33;1;6317,1
26:25:27;23:24:53;1;6317,1
26:25:47;23:25:13;1;6314,7
26:26:07;23:25:33;1;6312,3
26:26:27;23:25:53;1;6314,7
26:26:47;23:26:13;1;6300,2
26:27:07;23:26:33;1;6309,9
26:27:27;23:26:53;1;6302,6
26:27:47;23:27:13;1;6297,8
26:28:07;23:27:33;1;6297,8
26:28:27;23:27:53;1;6295,4
26:28:47;23:28:13;1;6293,0
26:29:07;23:28:33;1;6293,0
26:29:27;23:28:53;1;6290,6
26:29:47;23:29:13;1;6285,7
26:30:07;23:29:33;1;6283,3
26:30:27;23:29:53;1;6285,7
26:30:47;23:30:13;1;6283,3
26:31:07;23:30:33;1;6283,3
26:31:27;23:30:53;1;6278,5
26:31:47;23:31:13;1;6273,6
26:32:07;23:31:33;1;6273,6
26:32:27;23:31:53;1;6276,0
26:32:47;23:32:13;1;6266,4
26:33:07;23:32:33;1;6261,5
26:33:27;23:32:53;1;6261,5
26:33:47;23:33:13;1;6259,1
26:34:07;23:33:33;1;6256,7
26:34:27;23:33:53;1;6256,7
26:34:47;23:34:13;1;6251,9
26:35:07;23:34:33;1;6249,5
26:35:27;23:34:53;1;6251,9
26:35:48;23:35:14;1;6244,6
26:36:09;23:35:35;1;6244,6
26:36:29;23:35:55;1;6239,8
26:36:49;23:36:15;1;6237,4
26:37:09;23:36:35;1;6237,4
26:37:29;23:36:55;1;6234,9
26:37:49;23:37:15;1;6232,5
26:38:09;23:37:35;1;6230,1
26:38:29;23:37:55;1;6227,7
26:38:49;23:38:15;1;6218,0
26:39:09;23:38:35;1;6225,3
26:39:29;23:38:55;1;6220,4
26:39:49;23:39:15;1;6213,2
26:40:09;23:39:35;1;6210,8
26:40:29;23:39:55;1;6208,4
26:40:49;23:40:15;1;6208,4
26:41:09;23:40:35;1;6208,4
26:41:29;23:40:55;1;6198,7
26:41:49;23:41:15;1;6184,2
26:42:09;23:41:35;1;6189,0
26:42:29;23:41:55;1;6176,9
26:42:49;23:42:15;1;6176,9
26:43:09;23:42:35;1;6174,5
26:43:29;23:42:55;1;6174,5
26:43:49;23:43:15;1;6172,1
26:44:09;23:43:35;1;6169,7
26:44:29;23:43:55;1;6164,8
26:44:49;23:44:15;1;6162,4
26:45:09;23:44:35;1;6160,0
26:45:29;23:44:55;1;6160,0
26:45:49;23:45:15;1;6155,2
26:46:09;23:45:35;1;6150,3
26:46:29;23:45:55;1;6147,9
26:46:49;23:46:15;1;6143,1
26:47:09;23:46:35;1;6138,2
26:47:29;23:46:55;1;6138,2
26:47:49;23:47:15;1;6138,2
26:48:09;23:47:35;1;6135,8
26:48:29;23:47:55;1;6128,6
26:48:49;23:48:15;1;6126,2
26:49:09;23:48:35;1;6123,7
26:49:29;23:48:55;1;6121,3
26:49:49;23:49:15;1;6118,9
26:50:09;23:49:35;1;6118,9
26:50:29;23:49:55;1;6116,5
26:50:50;23:50:16;1;6099,6
26:51:11;23:50:37;1;6104,4
26:51:31;23:50:57;1;6099,6
26:51:51;23:51:17;1;6094,7
26:52:11;23:51:37;1;6094,7
26:52:31;23:51:57;1;6092,3
26:52:51;23:52:17;1;6089,9
26:53:11;23:52:37;1;6087,5
26:53:31;23:52:57;1;6082,6
26:53:51;23:53:17;1;6082,6
26:54:11;23:53:37;1;6077,8
26:54:31;23:53:57;1;6070,6
26:54:51;23:54:17;1;6065,7
26:55:11;23:54:37;1;6065,7
26:55:31;23:54:57;1;6060,9
26:55:51;23:55:17;1;6056,0
26:56:11;23:55:37;1;6053,6
26:56:31;23:55:57;1;6051,2
26:56:51;23:56:17;1;6048,8
26:57:11;23:56:37;1;6036,7
26:57:31;23:56:57;1;6031,9
26:57:51;23:57:17;1;6027,0
26:58:11;23:57:37;1;6019,8
26:58:31;23:57:57;1;6017,4
26:58:51;23:58:17;1;6017,4
26:59:11;23:58:37;1;6014,9
26:59:31;23:58:57;1;6010,1
26:59:51;23:59:17;1;6007,7
27:00:11;23:59:37;1;6002,9
27:00:31;23:59:57;1;6000,4
27:00:51;00:00:17;2;5990,8
27:01:11;00:00:37;2;5990,8
27:01:31;00:00:57;2;5983,5
27:01:51;00:01:17;2;5978,7
27:02:11;00:01:37;2;5981,1
27:02:31;00:01:57;2;5973,9
27:02:51;00:02:17;2;5969,0
27:03:11;00:02:37;2;5961,8
27:03:31;00:02:57;2;5956,9
27:03:51;00:03:17;2;5952,1
27:04:11;00:03:37;2;5944,8
27:04:31;00:03:57;2;5944,8
27:04:51;00:04:17;2;5942,4
27:05:11;00:04:37;2;5937,6
27:05:31;00:04:57;2;5932,8
27:05:52;00:05:18;2;5927,9
27:06:13;00:05:39;2;5920,7
27:06:33;00:05:59;2;5911,0
27:06:53;00:06:19;2;5906,2
27:07:13;00:06:39;2;5901,3
27:07:33;00:06:59;2;5898,9
27:07:53;00:07:19;2;5896,5
27:08:13;00:07:39;2;5886,8
27:08:33;00:07:59;2;5882,0
27:08:53;00:08:19;2;5869,9
27:09:13;00:08:39;2;5865,1
27:09:33;00:08:59;2;5862,6
27:09:53;00:09:19;2;5853,0
27:10:13;00:09:39;2;5850,6
27:10:33;00:09:59;2;5848,1
27:10:53;00:10:19;2;5838,5
27:11:13;00:10:39;2;5836,0
27:11:33;00:10:59;2;5824,0
27:11:53;00:11:19;2;5821,5
27:12:13;00:11:39;2;5814,3
27:12:33;00:11:59;2;5811,9
27:12:53;00:12:19;2;5802,2
27:13:13;00:12:39;2;5790,1
27:13:33;00:12:59;2;5785,3
27:13:53;00:13:19;2;5782,9
27:14:13;00:13:39;2;5775,6
27:14:33;00:13:59;2;5768,4
27:14:53;00:14:19;2;5758,7
27:15:13;00:14:39;2;5751,4
27:15:33;00:14:59;2;5746,6
27:15:53;00:15:19;2;5736,9
27:16:13;00:15:39;2;5715,2
